solver,n_runs,mean_step_time,pressure_variance,temperature_mean,energy_drift_per_time,area_per_lipid_std,thickness_proxy_std,area_per_lipid_drift_per_time,thickness_proxy_drift_per_time
pppm,2.0,0.0035991914746340455,0.00027362889692173213,1.000622048757017,-3.172014858744115,0.0008856919342986703,0.07230896653889915,-0.007322592503235225,-0.5946702388811105
