solver,seed,samples,mean_step_time,std_step_time,pressure_variance,temperature_mean,temperature_std,energy_drift_per_time,area_per_lipid_mean,area_per_lipid_std,area_per_lipid_drift_per_time,thickness_proxy_mean,thickness_proxy_std,thickness_proxy_drift_per_time,step_time_stats_mean
pppm,42.0,21.0,0.0033946667168666387,0.001578971737865765,0.0003464179807823592,1.0059490227274754,0.004205036302180209,-33.02668184150248,3.99852371012496,0.0008812512369512658,-0.007285847509966468,6.287783588339069,0.07125416721809705,-0.586159745211669,0.0033946667168666387
pppm,43.0,21.0,0.0038037162324014518,0.002051436701249108,0.0002008398130611051,0.9952950747865588,0.01125873198509962,26.68265212401425,3.9985165000806067,0.0008901326316460748,-0.0073593374965039825,6.29436937227671,0.07336376585970124,-0.603180732550552,0.0038037162324014518
