{
  "rmse": 0.045993394640064446,
  "max_abs_error": 0.052483002044781735,
  "mean_relative_error": 0.06928913395086789,
  "max_relative_error": 0.1522988552670869,
  "accepted_samples": 15919.0,
  "requested_samples": 16000.0,
  "acceptance_ratio": 0.9949375,
  "jit_enabled": 1.0,
  "long_range_jit_enabled": 1.0,
  "neighbor_skin": 0.3,
  "neighbor_rebuild_interval": 10.0
}