solver,seed,samples,mean_step_time,std_step_time,pressure_variance,temperature_mean,temperature_std,energy_drift_per_time,area_per_lipid_mean,area_per_lipid_std,area_per_lipid_drift_per_time,thickness_proxy_mean,thickness_proxy_std,thickness_proxy_drift_per_time,step_time_stats_mean
rbsog,42.0,41.0,0.05883671748757124,0.028196094971824095,4.142931292641868e-05,1.040307199789623,0.031858955257264746,292.68194770103355,3.9972656008937713,0.0016106359204187365,-0.006808500466109981,6.640423771711811,0.27188082883212605,1.088501080340396,0.05883671748757124
rbsog,43.0,41.0,0.08655011153624821,0.05079718304106208,0.00022744437177302362,1.088754619717207,0.10911439952104057,336.5493502370782,3.9972727848774894,0.0015984740766045408,-0.006756865818058733,6.662080455237191,0.28297935369168836,1.1340751510471079,0.08655011153624821
