{
  "samples": 31.0,
  "mean_step_time": 0.03665242638711671,
  "std_step_time": 0.0035279233087239974,
  "pressure_variance": 0.00019627337795518395,
  "temperature_mean": 1.017494200037927,
  "temperature_std": 0.021765824916510596,
  "energy_drift_per_time": -87.25549322117561,
  "area_per_lipid_mean": 3.9956630116416103,
  "area_per_lipid_std": 0.0025604147510692953,
  "area_per_lipid_drift_per_time": -0.007158532306396954,
  "thickness_proxy_mean": 5.902613531317589,
  "thickness_proxy_std": 0.3770783480133448,
  "thickness_proxy_drift_per_time": -1.0410428301545391,
  "step_time_stats_mean": 0.03665242638711671
}