solver,seed,samples,mean_step_time,std_step_time,pressure_variance,temperature_mean,temperature_std,energy_drift_per_time,area_per_lipid_mean,area_per_lipid_std,area_per_lipid_drift_per_time,thickness_proxy_mean,thickness_proxy_std,thickness_proxy_drift_per_time,step_time_stats_mean
pppm,42.0,51.0,0.0036745157061993856,0.0006635849363773108,0.00040697838291904484,1.0328064075683023,0.01816373626923813,-160.88061967225502,3.992828912354229,0.004163380951053044,-0.007071639473893435,5.662594423359715,0.4248378418146853,-0.6496653806623075,0.0036745157061993856
pppm,43.0,51.0,0.0036970229800014445,0.000612903164433742,0.00038226343242080444,1.0295715509836494,0.021499905119608417,-144.52805135672386,3.992837713994731,0.00415284060499151,-0.0070537641135008594,5.603075534318375,0.4811930700742759,-0.7282407959024529,0.0036970229800014445
pppm,44.0,51.0,0.004162063117809,0.0007206698049223884,0.0003345263157749459,1.0330526267592974,0.008977661994488425,-156.63667033868285,3.99285601290945,0.004146429036646171,-0.007042888545254885,5.8458675770385025,0.3963306503515048,-0.6171090895144591,0.004162063117809
