{
  "area_per_lipid_mean": 3.992749629902625,
  "area_per_lipid_std": 0.0041665702667541315,
  "area_per_lipid_drift_per_time": -0.007076671280707008,
  "thickness_proxy_mean": 5.97605379343257,
  "thickness_proxy_std": 0.35101718637523693,
  "thickness_proxy_drift_per_time": -0.5770313139843193
}