{
  "rmse": 0.04614528460086916,
  "max_abs_error": 0.05264723727480192,
  "mean_relative_error": 0.06945379948899968,
  "max_relative_error": 0.15262519761641258,
  "accepted_samples": 126622.0,
  "requested_samples": 128000.0,
  "acceptance_ratio": 0.989234375,
  "jit_enabled": 1.0,
  "long_range_jit_enabled": 1.0,
  "neighbor_skin": 0.3,
  "neighbor_rebuild_interval": 10.0
}