{
  "samples": 51.0,
  "mean_step_time": 0.02118684319943628,
  "std_step_time": 0.0010503133516513354,
  "pressure_variance": 7.584380113179363e-05,
  "temperature_mean": 1.0568823577160102,
  "temperature_std": 0.04354472068420079,
  "energy_drift_per_time": 392.94765551668576,
  "area_per_lipid_mean": 3.996590482496158,
  "area_per_lipid_std": 0.0019962301570183184,
  "area_per_lipid_drift_per_time": -0.006782311225875291,
  "thickness_proxy_mean": 6.817795944523395,
  "thickness_proxy_std": 0.4396138393623186,
  "thickness_proxy_drift_per_time": 1.4250749994999699,
  "step_time_stats_mean": 0.02118684319943628
}