{
  "rmse": 0.04597341956727226,
  "max_abs_error": 0.052461405742397105,
  "mean_relative_error": 0.0692674637505306,
  "max_relative_error": 0.1522558980236703,
  "accepted_samples": 63697.0,
  "requested_samples": 64000.0,
  "acceptance_ratio": 0.995265625,
  "jit_enabled": 1.0,
  "neighbor_skin": 0.3,
  "neighbor_rebuild_interval": 10.0
}