{
  "area_per_lipid_mean": 3.9972656008937713,
  "area_per_lipid_std": 0.0016106359204187365,
  "area_per_lipid_drift_per_time": -0.006808500466109981,
  "thickness_proxy_mean": 6.640423771711811,
  "thickness_proxy_std": 0.27188082883212605,
  "thickness_proxy_drift_per_time": 1.088501080340396
}