{
  "samples": 31.0,
  "mean_step_time": 0.0008003235806456594,
  "std_step_time": 0.00018980518382412772,
  "pressure_variance": 0.0009408352515782681,
  "temperature_mean": 1.0230184895101047,
  "temperature_std": 0.00834679503028428,
  "energy_drift_per_time": -99.08454861670597,
  "area_per_lipid_mean": 3.995596632481156,
  "area_per_lipid_std": 0.0025679842290527153,
  "area_per_lipid_drift_per_time": -0.007179067815979288,
  "thickness_proxy_mean": 6.076724162366735,
  "thickness_proxy_std": 0.29585332145301335,
  "thickness_proxy_drift_per_time": -0.8051142753129026,
  "step_time_stats_mean": 0.0008003235806456594
}