{
  "samples": 21.0,
  "mean_step_time": 0.000700514666494287,
  "std_step_time": 8.73153523295569e-05,
  "pressure_variance": 5.8601646019694415e-05,
  "temperature_mean": 1.012317291185499,
  "temperature_std": 0.00808311949814286,
  "energy_drift_per_time": -150.94756119728535,
  "area_per_lipid_mean": 3.491776048252397,
  "area_per_lipid_std": 0.001535609107553362,
  "area_per_lipid_drift_per_time": -0.006343994780178841,
  "thickness_proxy_mean": 7.20710514030885,
  "thickness_proxy_std": 0.11696625957385084,
  "thickness_proxy_drift_per_time": -0.46195494560491956,
  "step_time_stats_mean": 0.000700514666494287
}