{
  "area_per_lipid_mean": 3.992837713994731,
  "area_per_lipid_std": 0.00415284060499151,
  "area_per_lipid_drift_per_time": -0.0070537641135008594,
  "thickness_proxy_mean": 5.603075534318375,
  "thickness_proxy_std": 0.4811930700742759,
  "thickness_proxy_drift_per_time": -0.7282407959024529
}