{
  "samples": 11.0,
  "mean_step_time": 0.028041462088532917,
  "std_step_time": 0.000924041670804486,
  "pressure_variance": 1.4414933531104133e-06,
  "temperature_mean": 1.002733417003254,
  "temperature_std": 0.003184336058555863,
  "energy_drift_per_time": 171.69565050810868,
  "area_per_lipid_mean": 3.9993118573535584,
  "area_per_lipid_std": 0.000432367066794128,
  "area_per_lipid_drift_per_time": -0.006867324628812544,
  "thickness_proxy_mean": 6.380586704603649,
  "thickness_proxy_std": 0.006510433427159937,
  "thickness_proxy_drift_per_time": 0.011013025479113661,
  "step_time_stats_mean": 0.028041462088532917
}