solver,seed,samples,mean_step_time,std_step_time,pressure_variance,temperature_mean,temperature_std,energy_drift_per_time,area_per_lipid_mean,area_per_lipid_std,area_per_lipid_drift_per_time,thickness_proxy_mean,thickness_proxy_std,thickness_proxy_drift_per_time,step_time_stats_mean
rbsog,42.0,11.0,0.00659032481879959,0.0011508035993539293,4.4192283781410735e-06,1.0118699372533484,0.01086496420070649,3.5543566052775306,3.9986264490744703,0.0008651556003784114,-0.006855178325736827,6.422797715713423,0.055426301589708446,0.3865279086378501,0.00659032481879959
rbsog,43.0,11.0,0.006398298727038888,0.0009473420961017263,1.8847127164552134e-05,1.0000732114220527,0.015899560093707167,248.34249780672133,3.9986237555189024,0.0008663036499698003,-0.006864272884651593,6.435203408380105,0.05825888973320623,0.4100774648516961,0.006398298727038888
