solver,n_runs,mean_step_time,pressure_variance,temperature_mean,energy_drift_per_time,area_per_lipid_std,thickness_proxy_std,area_per_lipid_drift_per_time,thickness_proxy_drift_per_time
rbsog,2.0,0.006494311772919238,1.1633177771346604e-05,1.0059715743377007,125.94842720599942,0.0008657296251741058,0.05684259566145734,-0.0068597256051942095,0.3983026867447731
