solver,seed,samples,mean_step_time,std_step_time,pressure_variance,temperature_mean,temperature_std,energy_drift_per_time,area_per_lipid_mean,area_per_lipid_std,area_per_lipid_drift_per_time,thickness_proxy_mean,thickness_proxy_std,thickness_proxy_drift_per_time,step_time_stats_mean
rbsog,42.0,31.0,0.01014287096744914,0.005084622752357188,2.391665870776641e-05,1.0284095185017665,0.027136760177965832,281.493378303286,3.99794554971489,0.001221167715744485,-0.006830633458455221,6.506781282156562,0.14198423880631655,0.7403278420210181,0.01014287096744914
rbsog,43.0,31.0,0.0105262674530217,0.0037904134792332953,2.5101777809766226e-05,1.0179197135705922,0.029325577433074554,221.31247024436868,3.9979413228518896,0.001222939827931852,-0.006840543853389026,6.5243746424158084,0.14977776244515503,0.7823978320165331,0.0105262674530217
