{
  "n_total_runs": 2.0,
  "by_solver": [
    {
      "solver": "rbsog",
      "n_runs": 2.0,
      "mean_step_time": 0.010334569210235421,
      "pressure_variance": 2.4509218258766317e-05,
      "temperature_mean": 1.0231646160361794,
      "energy_drift_per_time": 251.40292427382735,
      "area_per_lipid_std": 0.0012220537718381683,
      "thickness_proxy_std": 0.14588100062573578,
      "area_per_lipid_drift_per_time": -0.006835588655922124,
      "thickness_proxy_drift_per_time": 0.7613628370187756
    }
  ]
}