solver,n_runs,mean_step_time,pressure_variance,temperature_mean,energy_drift_per_time,area_per_lipid_std,thickness_proxy_std,area_per_lipid_drift_per_time,thickness_proxy_drift_per_time
rbsog,2.0,0.010334569210235421,2.4509218258766317e-05,1.0231646160361794,251.40292427382735,0.0012220537718381683,0.14588100062573578,-0.006835588655922124,0.7613628370187756
