{
  "samples": 31.0,
  "mean_step_time": 0.0034455020647710037,
  "std_step_time": 0.0007467756316999189,
  "pressure_variance": 0.0003075038146259857,
  "temperature_mean": 1.0235802879133873,
  "temperature_std": 0.017325848590522212,
  "energy_drift_per_time": -116.32127292360445,
  "area_per_lipid_mean": 3.9956489476258428,
  "area_per_lipid_std": 0.002566835339535261,
  "area_per_lipid_drift_per_time": -0.007176559859665675,
  "thickness_proxy_mean": 5.918967993879265,
  "thickness_proxy_std": 0.34567529018336485,
  "thickness_proxy_drift_per_time": -0.9587503807602883,
  "step_time_stats_mean": 0.0034455020647710037
}