{
  "rmse": 0.04603188401102234,
  "max_abs_error": 0.0525246168233755,
  "mean_relative_error": 0.06933087976350447,
  "max_relative_error": 0.15238160210601703,
  "accepted_samples": 63658.0,
  "requested_samples": 64000.0,
  "acceptance_ratio": 0.99465625,
  "jit_enabled": 0.0,
  "long_range_jit_enabled": 0.0,
  "neighbor_skin": 0.3,
  "neighbor_rebuild_interval": 10.0
}