{
  "rmse": 0.04599341446856586,
  "max_abs_error": 0.05248302348288192,
  "mean_relative_error": 0.06928915546032423,
  "max_relative_error": 0.15229889790451634,
  "accepted_samples": 63684.0,
  "requested_samples": 64000.0,
  "acceptance_ratio": 0.9950625,
  "jit_enabled": 1.0,
  "long_range_jit_enabled": 1.0,
  "neighbor_skin": 0.3,
  "neighbor_rebuild_interval": 10.0
}