{
  "area_per_lipid_mean": 3.998626526018202,
  "area_per_lipid_std": 0.0008649161683011795,
  "area_per_lipid_drift_per_time": -0.006853280083315512,
  "thickness_proxy_mean": 6.4223474047866,
  "thickness_proxy_std": 0.05500977813800313,
  "thickness_proxy_drift_per_time": 0.38338372662723064
}