{
  "samples": 21.0,
  "mean_step_time": 0.02122324814297913,
  "std_step_time": 0.0020441893154483433,
  "pressure_variance": 0.00021797466393274237,
  "temperature_mean": 1.0849815960608544,
  "temperature_std": 0.1046137889857897,
  "energy_drift_per_time": 336.5493502370782,
  "area_per_lipid_mean": 3.997273001697587,
  "area_per_lipid_std": 0.0016356701861301327,
  "area_per_lipid_drift_per_time": -0.006757160910872007,
  "thickness_proxy_mean": 6.666983926639184,
  "thickness_proxy_std": 0.29039761636445793,
  "thickness_proxy_drift_per_time": 1.134817937045513,
  "step_time_stats_mean": 0.02122324814297913
}