solver,seed,samples,mean_step_time,std_step_time,pressure_variance,temperature_mean,temperature_std,energy_drift_per_time,area_per_lipid_mean,area_per_lipid_std,area_per_lipid_drift_per_time,thickness_proxy_mean,thickness_proxy_std,thickness_proxy_drift_per_time,step_time_stats_mean
rbsog,42.0,51.0,0.024778149137287698,0.009179610432503663,0.0003965736432087092,1.1320588539613745,0.09388840710364325,436.35121509739076,3.993274182922326,0.003905294371271261,-0.006633089174110442,8.163896454241373,1.560630961438136,2.59609560191271,0.024778149137287698
rbsog,43.0,51.0,0.02640268103916206,0.010486241495362321,0.0007836517920123926,1.1843501487209869,0.15067858319483865,663.3040849657398,3.9932960448712476,0.0038923024312862565,-0.0066110701649216294,8.234839110833352,1.595959665400382,2.6599236510351436,0.02640268103916206
rbsog,44.0,51.0,0.03772603205891523,0.016584552344703248,0.0002892067188747787,1.1301932525367067,0.0866705206357077,340.5286508351082,3.993256986728404,0.003926514095278479,-0.006669263162333704,8.416173195748506,1.6403673478565517,2.746002081806194,0.03772603205891523
