solver,seed,samples,mean_step_time,std_step_time,pressure_variance,temperature_mean,temperature_std,energy_drift_per_time,area_per_lipid_mean,area_per_lipid_std,area_per_lipid_drift_per_time,thickness_proxy_mean,thickness_proxy_std,thickness_proxy_drift_per_time,step_time_stats_mean
pppm,42.0,13.0,0.0019110961517211623,0.0001764478873545767,0.0003183369019808506,1.0032576333187067,0.0030679952730281006,-39.49856796906096,3.9991043310624694,0.000550326780953751,-0.007377942093452272,6.336104731822544,0.037272035848724135,-0.4983309278526928,0.0019110961517211623
