solver,n_runs,mean_step_time,pressure_variance,temperature_mean,energy_drift_per_time,area_per_lipid_std,thickness_proxy_std,area_per_lipid_drift_per_time,thickness_proxy_drift_per_time
pppm,1.0,0.0019110961517211623,0.0003183369019808506,1.0032576333187067,-39.49856796906096,0.000550326780953751,0.037272035848724135,-0.007377942093452272,-0.4983309278526928
