{
  "samples": 51.0,
  "mean_step_time": 0.0008436576861676454,
  "std_step_time": 0.00031275286911628324,
  "pressure_variance": 0.0009084682656360671,
  "temperature_mean": 1.0268964459532894,
  "temperature_std": 0.022321528275440265,
  "energy_drift_per_time": -135.5851693038713,
  "area_per_lipid_mean": 3.992744474353312,
  "area_per_lipid_std": 0.004174483921702889,
  "area_per_lipid_drift_per_time": -0.007090222679952598,
  "thickness_proxy_mean": 5.480415331677005,
  "thickness_proxy_std": 0.5845511022923642,
  "thickness_proxy_drift_per_time": -0.9572866154407647,
  "step_time_stats_mean": 0.0008436576861676454
}