solver,seed,samples,mean_step_time,std_step_time,pressure_variance,temperature_mean,temperature_std,energy_drift_per_time,area_per_lipid_mean,area_per_lipid_std,area_per_lipid_drift_per_time,thickness_proxy_mean,thickness_proxy_std,thickness_proxy_drift_per_time,step_time_stats_mean
rbsog,42.0,51.0,0.010611971411694242,0.0014743899980261598,6.656119041979861e-05,1.0546580944747421,0.04108263528369399,381.8158408851788,3.9965895998908882,0.001997000936331219,-0.006784936058246013,6.817762445788088,0.4397158825472173,1.42526140322668,0.010611971411694242
rbsog,43.0,51.0,0.010584559625439235,0.00063030523303366,0.00020006178226486754,1.09790708038714,0.09960606291447371,344.4706373326973,3.996602839347734,0.0019807066343421036,-0.0067294447717811965,6.851473482237709,0.46616294159774413,1.507738534770056,0.010584559625439235
rbsog,44.0,51.0,0.010592309528660467,0.0006147453727247369,3.994311698742842e-05,1.062223803430414,0.029812375901808928,302.3714548061148,3.9965914668223537,0.001999451058300363,-0.00679329707352522,6.9927079449598795,0.5186242328578421,1.7079779604781973,0.010592309528660467
