{
  "rmse": 0.04599346337995222,
  "max_abs_error": 0.052483076364694625,
  "mean_relative_error": 0.06928920851811668,
  "max_relative_error": 0.15229900307904423,
  "accepted_samples": 127510.0,
  "requested_samples": 128000.0,
  "acceptance_ratio": 0.996171875,
  "jit_enabled": 1.0,
  "long_range_jit_enabled": 1.0,
  "neighbor_skin": 0.3,
  "neighbor_rebuild_interval": 10.0
}