{
  "area_per_lipid_mean": 3.992855359296742,
  "area_per_lipid_std": 0.004106169007636186,
  "area_per_lipid_drift_per_time": -0.0070421708907612394,
  "thickness_proxy_mean": 5.843602606621414,
  "thickness_proxy_std": 0.39616985093726614,
  "thickness_proxy_drift_per_time": -0.6251909037069578
}