{
  "n_total_runs": 2.0,
  "by_solver": [
    {
      "solver": "rbsog",
      "n_runs": 2.0,
      "mean_step_time": 0.024610053475642907,
      "pressure_variance": 0.00013443684234972116,
      "temperature_mean": 1.064530909753415,
      "energy_drift_per_time": 314.6156489690559,
      "area_per_lipid_std": 0.0016045549985116386,
      "thickness_proxy_std": 0.2774300912619072,
      "area_per_lipid_drift_per_time": -0.006782683142084357,
      "thickness_proxy_drift_per_time": 1.111288115693752
    }
  ]
}