solver,n_runs,mean_step_time,pressure_variance,temperature_mean,energy_drift_per_time,area_per_lipid_std,thickness_proxy_std,area_per_lipid_drift_per_time,thickness_proxy_drift_per_time
rbsog,2.0,0.024610053475642907,0.00013443684234972116,1.064530909753415,314.6156489690559,0.0016045549985116386,0.2774300912619072,-0.006782683142084357,1.111288115693752
