solver,seed,samples,mean_step_time,std_step_time,pressure_variance,temperature_mean,temperature_std,energy_drift_per_time,area_per_lipid_mean,area_per_lipid_std,area_per_lipid_drift_per_time,thickness_proxy_mean,thickness_proxy_std,thickness_proxy_drift_per_time,step_time_stats_mean
pppm,42.0,51.0,0.0036359888041510666,0.000653616263097544,0.00040697838291904484,1.0328064075683023,0.01816373626923813,-160.88061967225502,3.992828912354229,0.004163380951053044,-0.007071639473893435,5.662594423359715,0.4248378418146853,-0.6496653806623075,0.0036359888041510666
pppm,43.0,51.0,0.004034501157031057,0.0011162857108703084,0.00038226343242080444,1.0295715509836494,0.021499905119608417,-144.52805135672386,3.992837713994731,0.00415284060499151,-0.0070537641135008594,5.603075534318375,0.4811930700742759,-0.7282407959024529,0.004034501157031057
pppm,44.0,51.0,0.00411550870593797,0.0008843803540117237,0.0003345263157749459,1.0330526267592974,0.008977661994488425,-156.63667033868285,3.99285601290945,0.004146429036646171,-0.007042888545254885,5.8458675770385025,0.3963306503515048,-0.6171090895144591,0.00411550870593797
rbsog,42.0,51.0,0.02448081629393296,0.009301032909170956,0.0003965736432087092,1.1320588539613745,0.09388840710364325,436.35121509739076,3.993274182922326,0.003905294371271261,-0.006633089174110442,8.163896454241373,1.560630961438136,2.59609560191271,0.02448081629393296
rbsog,43.0,51.0,0.025945475764969802,0.010511642351876498,0.0007836517920123926,1.1843501487209869,0.15067858319483865,663.3040849657398,3.9932960448712476,0.0038923024312862565,-0.0066110701649216294,8.234839110833352,1.595959665400382,2.6599236510351436,0.025945475764969802
rbsog,44.0,51.0,0.028644135568516933,0.025919522642964425,0.0002892067188747787,1.1301932525367067,0.0866705206357077,340.5286508351082,3.993256986728404,0.003926514095278479,-0.006669263162333704,8.416173195748506,1.6403673478565517,2.746002081806194,0.028644135568516933
