solver,n_runs,mean_step_time,pressure_variance,temperature_mean,energy_drift_per_time,area_per_lipid_std,thickness_proxy_std,area_per_lipid_drift_per_time,thickness_proxy_drift_per_time
pppm,3.0,0.0039286662223733644,0.000374589377038265,1.0318101951037497,-154.01511378922058,0.004154216864230242,0.434120520746822,-0.0070560973775497275,-0.6650050886930732
rbsog,3.0,0.026356809209139898,0.0004898107180319602,1.1488674184063559,480.06131696607963,0.003908036965945332,1.598985991565023,-0.006637807500455259,2.667340444918016
