{
  "area_per_lipid_mean": 3.995665132105947,
  "area_per_lipid_std": 0.0025479154510699327,
  "area_per_lipid_drift_per_time": -0.00712353917688514,
  "thickness_proxy_mean": 6.069514995716281,
  "thickness_proxy_std": 0.3012890129074336,
  "thickness_proxy_drift_per_time": -0.8199576494091311
}