solver,seed,samples,mean_step_time,std_step_time,pressure_variance,temperature_mean,temperature_std,energy_drift_per_time,area_per_lipid_mean,area_per_lipid_std,area_per_lipid_drift_per_time,thickness_proxy_mean,thickness_proxy_std,thickness_proxy_drift_per_time,step_time_stats_mean
pppm,42.0,51.0,0.0016805171754265972,7.967915244619642e-05,0.000240468000327532,1.0185015556553487,0.01397047024389776,-90.79786183505365,3.996362490178151,0.002119854757796674,-0.007202334421092899,6.023430660609646,0.2714816912093639,-0.9119531526009621,0.0016805171754265972
pppm,43.0,51.0,0.0016528251558067459,5.25071792731035e-05,0.00033339398344054045,1.014224096858138,0.018925925022083293,-59.786758493913055,3.9963602050294464,0.0021140101759007696,-0.0071822809105818106,6.017025488528694,0.2868034033619347,-0.9614420738613206,0.0016528251558067459
pppm,44.0,51.0,0.0016430849215134467,3.400881866003833e-05,0.00028087652807472024,1.0255858370727715,0.005544412733193316,-108.34846167748043,3.9963732762256186,0.002109677060453444,-0.007167562997715929,6.200385712534415,0.18820960397482453,-0.6213606941495782,0.0016430849215134467
