{
  "samples": 51.0,
  "mean_step_time": 0.00421303325485639,
  "std_step_time": 0.0007139436916192171,
  "pressure_variance": 0.0002761381684316193,
  "temperature_mean": 1.0340558462361225,
  "temperature_std": 0.012730674042026196,
  "energy_drift_per_time": -159.7779080427813,
  "area_per_lipid_mean": 3.9928419634474284,
  "area_per_lipid_std": 0.004161781516487138,
  "area_per_lipid_drift_per_time": -0.007068970396174795,
  "thickness_proxy_mean": 5.831746478334359,
  "thickness_proxy_std": 0.37962104414604914,
  "thickness_proxy_drift_per_time": -0.6085907639155187,
  "step_time_stats_mean": 0.00421303325485639
}