{
  "rmse": 0.046050413516129395,
  "max_abs_error": 0.05254465166610078,
  "mean_relative_error": 0.06935097235990861,
  "max_relative_error": 0.15242142569945064,
  "accepted_samples": 254337.0,
  "requested_samples": 256000.0,
  "acceptance_ratio": 0.99350390625,
  "jit_enabled": 1.0,
  "long_range_jit_enabled": 1.0,
  "neighbor_skin": 0.3,
  "neighbor_rebuild_interval": 10.0
}