{
  "area_per_lipid_mean": 3.996591106407336,
  "area_per_lipid_std": 0.0019956130234381965,
  "area_per_lipid_drift_per_time": -0.006780212929164994,
  "thickness_proxy_mean": 6.817597311802218,
  "thickness_proxy_std": 0.4388503243540434,
  "thickness_proxy_drift_per_time": 1.4230813151349246
}