solver,n_runs,mean_step_time,pressure_variance,temperature_mean,energy_drift_per_time,area_per_lipid_std,thickness_proxy_std,area_per_lipid_drift_per_time,thickness_proxy_drift_per_time
rbsog,2.0,0.011580834590859013,4.41618518734743e-06,1.0060274347642997,72.8204139736793,0.0008654807236361097,0.05665727911327638,-0.006857752928475168,0.3967785578945463
