solver,seed,samples,mean_step_time,std_step_time,pressure_variance,temperature_mean,temperature_std,energy_drift_per_time,area_per_lipid_mean,area_per_lipid_std,area_per_lipid_drift_per_time,thickness_proxy_mean,thickness_proxy_std,thickness_proxy_drift_per_time,step_time_stats_mean
rbsog,42.0,11.0,0.012177463181697849,0.0009694418044797449,4.798350017148881e-06,1.0120094738192167,0.011078018955214552,82.41147254116939,3.998626968028323,0.000864806635254915,-0.0068524135439443894,6.422214848246128,0.05496364341207919,0.38282299306759066,0.012177463181697849
rbsog,43.0,11.0,0.010984206000020176,0.0007979185203403948,4.034020357545979e-06,1.0000453957093824,0.015985454439433878,63.22935540618919,3.998623819063008,0.0008661548120173041,-0.006863092313005948,6.435273620726923,0.05835091481447356,0.4107341227215019,0.010984206000020176
