solver,n_runs,mean_step_time,pressure_variance,temperature_mean,energy_drift_per_time,area_per_lipid_std,thickness_proxy_std,area_per_lipid_drift_per_time,thickness_proxy_drift_per_time
pppm,3.0,0.0005178929999572805,0.00033884133855735494,1.0040327486062612,-16.761004562011674,0.002191386076848777,0.11115107645207117,-0.009052871971263763,-0.4464017196594415
rbsog,3.0,0.011384473920597452,2.691123643314338e-05,1.0255833264246836,116.45289239789655,0.0021015749309722903,0.309169605423076,-0.008682191557949408,1.2344194786971465
