solver,seed,samples,mean_step_time,std_step_time,pressure_variance,temperature_mean,temperature_std,energy_drift_per_time,area_per_lipid_mean,area_per_lipid_std,area_per_lipid_drift_per_time,thickness_proxy_mean,thickness_proxy_std,thickness_proxy_drift_per_time,step_time_stats_mean
pppm,42.0,21.0,0.0005203592858638981,4.4833024157876575e-05,0.0003173558067499817,1.02080641556102,0.010125991139864288,-55.61009647543767,5.036032822235334,0.0021828720240460275,-0.009017708640212889,4.916936165898611,0.11569612531863531,-0.4682208828177404,0.0005203592858638981
pppm,43.0,21.0,0.0004943650475893048,4.303177837453825e-05,0.00037389617422312743,1.001915121536323,0.01372283520117975,-9.64612384529273,5.036028088486042,0.0021830003535585427,-0.009018189066066691,4.983556022329016,0.09077177130674209,-0.35923713820688147,0.0004943650475893048
pppm,44.0,21.0,0.0005389546664186387,7.492607243592737e-05,0.00032527203469895566,0.9893767087214409,0.022215921635252163,14.973206634695378,5.035995251727788,0.00220828585294176,-0.009122718207511711,4.93030514948888,0.12698533273083612,-0.5117471379537027,0.0005389546664186387
rbsog,42.0,21.0,0.010906968856943422,0.0011949656019648535,5.51971918299531e-06,1.0352241955828012,0.0119131722792817,52.71217268267036,5.03620849533142,0.002102120965568277,-0.008684471420337523,5.352121624362843,0.27619628906373206,1.1007925788319528,0.010906968856943422
rbsog,43.0,21.0,0.010877914476146716,0.001106590832886437,2.5048247814450307e-05,1.0227174658818097,0.027995516487497075,126.33178164934475,5.036198098073563,0.0021024469584687315,-0.008685791828626001,5.452764754542805,0.33428913737823035,1.3410561267600458,0.010877914476146716
rbsog,44.0,21.0,0.012368538428702214,0.001616267030207383,5.016574230198452e-05,1.0188083178094405,0.03943448839473132,170.3147228616745,5.036197592300779,0.002100156868879862,-0.008676311424884701,5.416204457217629,0.31702338982726563,1.2614097304994412,0.012368538428702214
