{
  "samples": 21.0,
  "mean_step_time": 0.032257999761852604,
  "std_step_time": 0.00227634153592499,
  "pressure_variance": 0.00010414390782632974,
  "temperature_mean": 1.060210629627106,
  "temperature_std": 0.07063678037566233,
  "energy_drift_per_time": 834.5225818384877,
  "area_per_lipid_mean": 3.4919543276348226,
  "area_per_lipid_std": 0.0014277606510681782,
  "area_per_lipid_drift_per_time": -0.0058984573676622645,
  "thickness_proxy_mean": 7.759808446851759,
  "thickness_proxy_std": 0.386085372455166,
  "thickness_proxy_drift_per_time": 1.5483112458234973,
  "step_time_stats_mean": 0.032257999761852604
}