solver,seed,samples,mean_step_time,std_step_time,pressure_variance,temperature_mean,temperature_std,energy_drift_per_time,area_per_lipid_mean,area_per_lipid_std,area_per_lipid_drift_per_time,thickness_proxy_mean,thickness_proxy_std,thickness_proxy_drift_per_time,step_time_stats_mean
rbsog,42.0,21.0,0.00950465090517398,0.0034843309103303037,5.745828745854843e-06,1.0127137029863167,0.011508851554466584,102.00291328339229,3.9986277111242052,0.0008286509979012955,-0.006851217185862405,6.419536117960043,0.05204069698385576,0.38046643688988735,0.00950465090517398
rbsog,43.0,21.0,0.009533932431146414,0.0025711251080791776,6.555657048698328e-06,1.0009355844175283,0.016067124983320778,59.28709744876988,3.998624439757499,0.0008299462313185837,-0.006861922754774342,6.4323853193897,0.05505796800417254,0.40674807742306196,0.009533932431146414
