{
  "samples": 11.0,
  "mean_step_time": 0.022111548636696007,
  "std_step_time": 0.001572360210504143,
  "pressure_variance": 8.173930846850923e-06,
  "temperature_mean": 1.000907813170988,
  "temperature_std": 0.016851317687252263,
  "energy_drift_per_time": 152.02424180430873,
  "area_per_lipid_mean": 3.9986236035264295,
  "area_per_lipid_std": 0.0008663223903840776,
  "area_per_lipid_drift_per_time": -0.006864419737624134,
  "thickness_proxy_mean": 6.4348357158317215,
  "thickness_proxy_std": 0.057984660846816416,
  "thickness_proxy_drift_per_time": 0.4077824744598891,
  "step_time_stats_mean": 0.022111548636696007
}