{
  "rmse": 0.04614590062700982,
  "max_abs_error": 0.052647903432920806,
  "mean_relative_error": 0.0694544669194655,
  "max_relative_error": 0.15262652008572844,
  "accepted_samples": 63499.0,
  "requested_samples": 64000.0,
  "acceptance_ratio": 0.992171875,
  "jit_enabled": 1.0,
  "long_range_jit_enabled": 1.0,
  "neighbor_skin": 0.3,
  "neighbor_rebuild_interval": 10.0
}