solver,n_runs,mean_step_time,pressure_variance,temperature_mean,energy_drift_per_time,area_per_lipid_std,thickness_proxy_std,area_per_lipid_drift_per_time,thickness_proxy_drift_per_time
pppm,10.0,0.0053304478823359685,0.0003600289232144129,1.0311081019874042,-149.19671669362137,0.00415133448610731,0.331568794878641,-0.007051211880089478,-0.5075606897229485
rbsog,10.0,0.029146731707805885,0.0018550055130120194,1.1980876750978107,522.1988176124624,0.0038816512963847525,1.6287386840691724,-0.0065917947294932815,2.729563079522224
