{
  "rmse": 0.04614414347060689,
  "max_abs_error": 0.05264600328112401,
  "mean_relative_error": 0.06945256312828171,
  "max_relative_error": 0.15262274784346866,
  "accepted_samples": 63443.0,
  "requested_samples": 64000.0,
  "acceptance_ratio": 0.991296875,
  "jit_enabled": 1.0,
  "long_range_jit_enabled": 1.0,
  "neighbor_skin": 0.3,
  "neighbor_rebuild_interval": 10.0
}