{
  "samples": 51.0,
  "mean_step_time": 0.016631190078352995,
  "std_step_time": 0.00427583433479651,
  "pressure_variance": 0.0004232159425183849,
  "temperature_mean": 1.1438334574679583,
  "temperature_std": 0.11392503932241271,
  "energy_drift_per_time": 355.86803501497957,
  "area_per_lipid_mean": 3.9932791355163606,
  "area_per_lipid_std": 0.0039022928861086065,
  "area_per_lipid_drift_per_time": -0.0066280167586919205,
  "thickness_proxy_mean": 8.150723504527356,
  "thickness_proxy_std": 1.545282266124999,
  "thickness_proxy_drift_per_time": 2.571598734002319,
  "step_time_stats_mean": 0.016631190078352995
}