{
  "rmse": 0.04599339937254711,
  "max_abs_error": 0.05248300716142129,
  "mean_relative_error": 0.06928913908453826,
  "max_relative_error": 0.15229886544337784,
  "accepted_samples": 31852.0,
  "requested_samples": 32000.0,
  "acceptance_ratio": 0.995375,
  "jit_enabled": 1.0,
  "long_range_jit_enabled": 1.0,
  "neighbor_skin": 0.3,
  "neighbor_rebuild_interval": 10.0
}