{
  "rmse": 0.04595837915739869,
  "max_abs_error": 0.05244514496661967,
  "mean_relative_error": 0.06925114467260188,
  "max_relative_error": 0.1522235468487772
}