{
  "area_per_lipid_mean": 3.9972655776823713,
  "area_per_lipid_std": 0.0016480052850683094,
  "area_per_lipid_drift_per_time": -0.006808343064770023,
  "thickness_proxy_mean": 6.645065525865559,
  "thickness_proxy_std": 0.27872613703036964,
  "thickness_proxy_drift_per_time": 1.0883009643191532
}