{
  "samples": 21.0,
  "mean_step_time": 0.021488094524015434,
  "std_step_time": 0.0014194978424221392,
  "pressure_variance": 4.082979644860659e-05,
  "temperature_mean": 1.0395174023445166,
  "temperature_std": 0.030991257210953898,
  "energy_drift_per_time": 292.68194770103355,
  "area_per_lipid_mean": 3.9972655776823713,
  "area_per_lipid_std": 0.0016480052850683094,
  "area_per_lipid_drift_per_time": -0.006808343064770023,
  "thickness_proxy_mean": 6.645065525865559,
  "thickness_proxy_std": 0.27872613703036964,
  "thickness_proxy_drift_per_time": 1.0883009643191532,
  "step_time_stats_mean": 0.021488094524015434
}