{
  "rmse": 0.0459934742809468,
  "max_abs_error": 0.05248308815059488,
  "mean_relative_error": 0.06928922034323634,
  "max_relative_error": 0.15229902651955113,
  "accepted_samples": 31845.0,
  "requested_samples": 32000.0,
  "acceptance_ratio": 0.99515625,
  "jit_enabled": 1.0,
  "long_range_jit_enabled": 1.0,
  "neighbor_skin": 0.3,
  "neighbor_rebuild_interval": 10.0
}