{
  "rmse": 0.04599342249106827,
  "max_abs_error": 0.05248303215661032,
  "mean_relative_error": 0.06928916416290878,
  "max_relative_error": 0.15229891515531624,
  "accepted_samples": 15855.0,
  "requested_samples": 16000.0,
  "acceptance_ratio": 0.9909375,
  "jit_enabled": 1.0,
  "long_range_jit_enabled": 1.0,
  "neighbor_skin": 0.3,
  "neighbor_rebuild_interval": 10.0
}