{
  "rmse": 0.046051509633536464,
  "max_abs_error": 0.052545836846520366,
  "mean_relative_error": 0.06935216084833574,
  "max_relative_error": 0.1524237812238462,
  "accepted_samples": 127215.0,
  "requested_samples": 128000.0,
  "acceptance_ratio": 0.9938671875,
  "jit_enabled": 1.0,
  "long_range_jit_enabled": 1.0,
  "neighbor_skin": 0.3,
  "neighbor_rebuild_interval": 10.0
}