solver,seed,samples,mean_step_time,std_step_time,pressure_variance,temperature_mean,temperature_std,energy_drift_per_time,area_per_lipid_mean,area_per_lipid_std,area_per_lipid_drift_per_time,thickness_proxy_mean,thickness_proxy_std,thickness_proxy_drift_per_time,step_time_stats_mean
rbsog,42.0,51.0,0.042500445275115505,0.001205013954314726,7.19269662838403e-05,1.0597363922484233,0.045333663324134015,343.489253941889,3.996591106407336,0.0019956130234381965,-0.006780212929164994,6.817597311802218,0.4388503243540434,1.4230813151349246,0.042500445275115505
rbsog,43.0,51.0,0.042907447727082076,0.0022087188625325694,0.0001357721336559915,1.0828328002466994,0.07913107049299449,383.35777232244135,3.996595790058314,0.001988072118455953,-0.00675453657481411,6.848173256138368,0.46050976552821077,1.4916403478291842,0.042907447727082076
rbsog,44.0,51.0,0.04252977439489983,0.0012690664396503128,3.425797226005265e-05,1.0638972783868959,0.029981892137470958,291.0538151976491,3.99659122126875,0.0019995829496369127,-0.00679374415401488,6.992504939911253,0.5183572182906135,1.7072189213794104,0.04252977439489983
