{
  "baseline_pppm": {
    "mean_step_time": 0.0038445339346699432,
    "pressure_variance": 0.000374589377038265
  },
  "objective_weights": {
    "time": 0.6666666666666666,
    "variance": 0.3333333333333333
  },
  "rows": [
    {
      "batch_size": 50.0,
      "mean_step_time": 0.014056813634085175,
      "pressure_variance": 0.0008126344515443702,
      "speedup_vs_pppm": 0.2734996731654505,
      "variance_ratio_vs_pppm": 2.169400686078073,
      "is_pareto": 1.0,
      "utopia_score": 0.5773502679266017,
      "recommended": 0.0
    },
    {
      "batch_size": 100.0,
      "mean_step_time": 0.023437203111040847,
      "pressure_variance": 0.0004898107180319602,
      "speedup_vs_pppm": 0.16403552576027522,
      "variance_ratio_vs_pppm": 1.3075937227710681,
      "is_pareto": 1.0,
      "utopia_score": 0.19967971921526564,
      "recommended": 1.0
    },
    {
      "batch_size": 200.0,
      "mean_step_time": 0.04171893737911649,
      "pressure_variance": 0.00038597420586103116,
      "speedup_vs_pppm": 0.09215320849937145,
      "variance_ratio_vs_pppm": 1.0303928235039168,
      "is_pareto": 1.0,
      "utopia_score": 0.31309427676469115,
      "recommended": 0.0
    },
    {
      "batch_size": 400.0,
      "mean_step_time": 0.08674565330045499,
      "pressure_variance": 0.0003555170308093514,
      "speedup_vs_pppm": 0.044319614740278616,
      "variance_ratio_vs_pppm": 0.9490846580335209,
      "is_pareto": 1.0,
      "utopia_score": 0.8164965809164932,
      "recommended": 0.0
    }
  ],
  "recommended_batch": {
    "batch_size": 100.0,
    "mean_step_time": 0.023437203111040847,
    "pressure_variance": 0.0004898107180319602,
    "speedup_vs_pppm": 0.16403552576027522,
    "variance_ratio_vs_pppm": 1.3075937227710681,
    "utopia_score": 0.19967971921526564
  },
  "pareto_plot": "batch_sweep_pareto.png",
  "paper_table_csv": "batch_sweep_paper_table.csv"
}