{
  "samples": 51.0,
  "mean_step_time": 0.09866879484313056,
  "std_step_time": 0.014508769520110409,
  "pressure_variance": 0.0004174526662832731,
  "temperature_mean": 1.1359196235560012,
  "temperature_std": 0.08231704258483755,
  "energy_drift_per_time": 563.428393580601,
  "area_per_lipid_mean": 3.9932747241504503,
  "area_per_lipid_std": 0.00391053495869786,
  "area_per_lipid_drift_per_time": -0.006642145195361591,
  "thickness_proxy_mean": 8.252502841683208,
  "thickness_proxy_std": 1.6217245886473133,
  "thickness_proxy_drift_per_time": 2.699881851731688,
  "step_time_stats_mean": 0.09866879484313056
}