{
  "rmse": 0.045993377433759336,
  "max_abs_error": 0.05248298344173641,
  "mean_relative_error": 0.06928911528590144,
  "max_relative_error": 0.1522988182681964,
  "accepted_samples": 31890.0,
  "requested_samples": 32000.0,
  "acceptance_ratio": 0.9965625,
  "jit_enabled": 1.0,
  "long_range_jit_enabled": 1.0,
  "neighbor_skin": 0.3,
  "neighbor_rebuild_interval": 10.0
}