{
  "samples": 11.0,
  "mean_step_time": 0.012748957000109262,
  "std_step_time": 0.0013060927241039352,
  "pressure_variance": 9.340687873460626e-06,
  "temperature_mean": 1.016309818298815,
  "temperature_std": 0.015278788279555623,
  "energy_drift_per_time": 131.68591642001167,
  "area_per_lipid_mean": 3.998627680139269,
  "area_per_lipid_std": 0.0008641511068489515,
  "area_per_lipid_drift_per_time": -0.006847216797518078,
  "thickness_proxy_mean": 6.421484461802518,
  "thickness_proxy_std": 0.054252370466975994,
  "thickness_proxy_drift_per_time": 0.3774964111971302,
  "step_time_stats_mean": 0.012748957000109262
}