{
  "n_total_runs": 3.0,
  "by_solver": [
    {
      "solver": "pppm",
      "n_runs": 3.0,
      "mean_step_time": 0.003882966161468811,
      "pressure_variance": 0.0003250028332075256,
      "temperature_mean": 1.0236311994349563,
      "energy_drift_per_time": -111.72252249146266,
      "area_per_lipid_std": 0.0025587126877174918,
      "thickness_proxy_std": 0.33344501773984775,
      "area_per_lipid_drift_per_time": -0.007153747937866117,
      "thickness_proxy_drift_per_time": -0.9177916690651023
    }
  ]
}