solver,seed,samples,mean_step_time,std_step_time,pressure_variance,temperature_mean,temperature_std,energy_drift_per_time,area_per_lipid_mean,area_per_lipid_std,area_per_lipid_drift_per_time,thickness_proxy_mean,thickness_proxy_std,thickness_proxy_drift_per_time,step_time_stats_mean
pppm,42.0,31.0,0.0034455020647710037,0.0007467756316999189,0.0003075038146259857,1.0235802879133873,0.017325848590522212,-116.32127292360445,3.9956489476258428,0.002566835339535261,-0.007176559859665675,5.918967993879265,0.34567529018336485,-0.9587503807602883,0.0034455020647710037
pppm,43.0,31.0,0.004046356322907095,0.0012130070612597881,0.00035805497303210515,1.01965450470667,0.02176317840073231,-93.71054439863981,3.995650710867226,0.002557077105127523,-0.007149116838620552,5.894945611230396,0.38390462878599985,-1.0596890593904837,0.004046356322907095
pppm,44.0,31.0,0.0041570400967283335,0.001127530262787653,0.00030944971196448606,1.027658805684811,0.006816873493741152,-125.13575015214373,3.9956648845742064,0.002552225618489692,-0.0071355671153121225,6.109079017452863,0.2707551342501785,-0.734935567044535,0.0041570400967283335
