{
  "area_per_lipid_mean": 5.036032822235334,
  "area_per_lipid_std": 0.0021828720240460275,
  "area_per_lipid_drift_per_time": -0.009017708640212889,
  "thickness_proxy_mean": 4.916936165898611,
  "thickness_proxy_std": 0.11569612531863531,
  "thickness_proxy_drift_per_time": -0.4682208828177404
}