{
  "rmse": 0.04595837910099775,
  "max_abs_error": 0.052445144905648,
  "mean_relative_error": 0.0692511446113984,
  "max_relative_error": 0.15222354672744406
}