{
  "rmse": 0.04595966129088864,
  "max_abs_error": 0.05244653111947439,
  "mean_relative_error": 0.06925253588459443,
  "max_relative_error": 0.15222630485976055
}