{
  "samples": 21.0,
  "mean_step_time": 0.0004943650475893048,
  "std_step_time": 4.303177837453825e-05,
  "pressure_variance": 0.00037389617422312743,
  "temperature_mean": 1.001915121536323,
  "temperature_std": 0.01372283520117975,
  "energy_drift_per_time": -9.64612384529273,
  "area_per_lipid_mean": 5.036028088486042,
  "area_per_lipid_std": 0.0021830003535585427,
  "area_per_lipid_drift_per_time": -0.009018189066066691,
  "thickness_proxy_mean": 4.983556022329016,
  "thickness_proxy_std": 0.09077177130674209,
  "thickness_proxy_drift_per_time": -0.35923713820688147,
  "step_time_stats_mean": 0.0004943650475893048
}