{
  "samples": 51.0,
  "mean_step_time": 0.040994324215716915,
  "std_step_time": 0.005884034102333338,
  "pressure_variance": 0.0002644219933801201,
  "temperature_mean": 1.1282954751514873,
  "temperature_std": 0.08127566132802187,
  "energy_drift_per_time": 320.0617034116002,
  "area_per_lipid_mean": 3.993257911248703,
  "area_per_lipid_std": 0.0039257620976454605,
  "area_per_lipid_drift_per_time": -0.0066679837341053014,
  "thickness_proxy_mean": 8.406937766024363,
  "thickness_proxy_std": 1.6289564428341734,
  "thickness_proxy_drift_per_time": 2.7275669739356205,
  "step_time_stats_mean": 0.040994324215716915
}