solver,seed,samples,mean_step_time,std_step_time,pressure_variance,temperature_mean,temperature_std,energy_drift_per_time,area_per_lipid_mean,area_per_lipid_std,area_per_lipid_drift_per_time,thickness_proxy_mean,thickness_proxy_std,thickness_proxy_drift_per_time,step_time_stats_mean
rbsog,42.0,11.0,0.006534947999501706,0.0017776690852050498,4.943774543567537e-06,1.0130306698003182,0.01213281025091998,16.92990755144415,3.9986266027445576,0.0008649840583095547,-0.006853818123834441,6.422485686907416,0.055142330609721645,0.38431394615223446,0.006534947999501706
rbsog,43.0,11.0,0.007258154454492879,0.0012711762853091252,1.902539023846046e-05,1.0009917693739883,0.01649975678627399,256.06236802553065,3.998623960463092,0.0008661719564393835,-0.006863229254456093,6.434654511378917,0.05774891405190034,0.4061269001195454,0.007258154454492879
