solver,seed,samples,mean_step_time,std_step_time,pressure_variance,temperature_mean,temperature_std,energy_drift_per_time,area_per_lipid_mean,area_per_lipid_std,area_per_lipid_drift_per_time,thickness_proxy_mean,thickness_proxy_std,thickness_proxy_drift_per_time,step_time_stats_mean
pppm,42.0,21.0,0.0008681835238565414,0.0003660460503870685,1.6658140494100517e-05,1.0118674115483,0.010318548311061933,-206.76604096679444,3.1725385562880013,0.0013663308527556638,-0.0056446963772721105,7.9187460130550065,0.14959746217512584,-0.5945715296845017,0.0008681835238565414
pppm,43.0,21.0,0.0007823132377996531,0.0002460987306600108,4.528315726150413e-06,1.0128861962262308,0.008759075666873593,-178.47023010938955,3.1725333118043255,0.0013715877995850354,-0.005666424023655893,7.949193443419279,0.12478293064593235,-0.48729893212922293,0.0007823132377996531
pppm,44.0,21.0,0.0006712503335230784,9.695528839352275e-05,1.734650638292147e-05,1.0102122650164282,0.009331179190388018,-161.14380778442083,3.1725253329277723,0.0013757247384996543,-0.005683506679931242,7.961940093504257,0.11220509678464677,-0.43280427793263254,0.0006712503335230784
rbsog,42.0,21.0,0.047683363190680256,0.029008034193235385,5.63510876005712e-05,1.0604448475872073,0.043361596007035395,719.6029338023775,3.172667420217919,0.0012859340393159967,-0.0053125203072091,8.574532136736183,0.44663274932883823,1.789210436254606,0.047683363190680256
rbsog,43.0,21.0,0.049452599143131964,0.031037965862884334,5.7815960393754745e-05,1.0728582109158988,0.042210494164388976,853.8351846805016,3.172673310058113,0.0012820180093595004,-0.005296338187915102,8.60582489340029,0.47092911906656487,1.8941592768669873,0.049452599143131964
rbsog,44.0,21.0,0.04917726590498378,0.030266208966129478,8.572651829995574e-05,1.073371424424122,0.05002599567866542,1010.028125010012,3.1726709187370807,0.0012825734623910978,-0.00529861410732428,8.602187109667339,0.46876121785792335,1.8882092054067223,0.04917726590498378
