solver,n_runs,mean_step_time,pressure_variance,temperature_mean,energy_drift_per_time,area_per_lipid_std,thickness_proxy_std,area_per_lipid_drift_per_time,thickness_proxy_drift_per_time
pppm,3.0,0.0007739156983930909,1.2844320867724134e-05,1.0116552909303198,-182.12669295353496,0.0013712144636134512,0.1288618298685683,-0.005664875693619748,-0.5048915799154523
rbsog,3.0,0.048771076079598664,6.663118876476056e-05,1.068891494309076,861.1554144976303,0.001283508503688865,0.46210769541777547,-0.005302490867482826,1.8571929728427718
