{
  "area_per_lipid_mean": 3.9928883737988827,
  "area_per_lipid_std": 0.004143067330589504,
  "area_per_lipid_drift_per_time": -0.007037309847877243,
  "thickness_proxy_mean": 5.976462740901822,
  "thickness_proxy_std": 0.29215090276182004,
  "thickness_proxy_drift_per_time": -0.4481309674675026
}