solver,seed,samples,mean_step_time,std_step_time,pressure_variance,temperature_mean,temperature_std,energy_drift_per_time,area_per_lipid_mean,area_per_lipid_std,area_per_lipid_drift_per_time,thickness_proxy_mean,thickness_proxy_std,thickness_proxy_drift_per_time,step_time_stats_mean
rbsog,42.0,51.0,0.13570875231376775,0.05621773210590142,0.00038767684445516795,1.1403459440440997,0.10850557431277708,369.5751951082346,3.993275803673034,0.003904516026084315,-0.006631760605804666,8.151870366652034,1.5443201395789314,2.5704152024365308,0.13570875231376775
rbsog,43.0,51.0,0.09866879484313056,0.014508769520110409,0.0004174526662832731,1.1359196235560012,0.08231704258483755,563.428393580601,3.9932747241504503,0.00391053495869786,-0.006642145195361591,8.252502841683208,1.6217245886473133,2.699881851731688,0.09866879484313056
rbsog,44.0,51.0,0.09485984566662427,0.009869676613571549,0.00026142158168961305,1.1276012965228255,0.08351902882696938,351.5883795634959,3.993255889115149,0.003927637536334617,-0.006671183562177188,8.412443126539085,1.6359586158076294,2.73891563031892,0.09485984566662427
