solver,seed,samples,mean_step_time,std_step_time,pressure_variance,temperature_mean,temperature_std,energy_drift_per_time,area_per_lipid_mean,area_per_lipid_std,area_per_lipid_drift_per_time,thickness_proxy_mean,thickness_proxy_std,thickness_proxy_drift_per_time,step_time_stats_mean
pppm,42.0,31.0,0.004703889743635251,0.0027856838942656747,0.0002698187136562248,1.0085747674403536,0.005336946615963272,-47.86348691660719,3.9978011761296197,0.0012952696539664436,-0.007245010504553427,6.214149053738851,0.12548736421905582,-0.6963756334616379,0.004703889743635251
pppm,43.0,31.0,0.004496466413500809,0.0028833955147095107,0.00028956299718212766,1.0021414955722552,0.01365669530587353,-1.4581692752351099,3.997792617042512,0.0013004689615104103,-0.007273909362606976,6.2180175547767105,0.1299571446904989,-0.7208047583555501,0.004496466413500809
