{
  "samples": 11.0,
  "mean_step_time": 0.027395477269733834,
  "std_step_time": 0.00037276250733268433,
  "pressure_variance": 1.2152644018626027e-06,
  "temperature_mean": 1.002973138274086,
  "temperature_std": 0.0033748390384535434,
  "energy_drift_per_time": 217.3917029411123,
  "area_per_lipid_mean": 3.999311761693971,
  "area_per_lipid_std": 0.00043235862808177277,
  "area_per_lipid_drift_per_time": -0.006867190271261622,
  "thickness_proxy_mean": 6.380521132820445,
  "thickness_proxy_std": 0.006498897862224516,
  "thickness_proxy_drift_per_time": 0.010228243978423666,
  "step_time_stats_mean": 0.027395477269733834
}