solver,seed,samples,mean_step_time,std_step_time,pressure_variance,temperature_mean,temperature_std,energy_drift_per_time,area_per_lipid_mean,area_per_lipid_std,area_per_lipid_drift_per_time,thickness_proxy_mean,thickness_proxy_std,thickness_proxy_drift_per_time,step_time_stats_mean
rbsog,42.0,11.0,0.011636921908740822,0.0010082718764267819,5.685571924989259e-06,1.0130491237105879,0.012144957614013793,102.00291328329402,3.99862719536905,0.0008646272696852282,-0.006850991647884114,6.421983168603976,0.05476583884823049,0.3812696301044092,0.011636921908740822
rbsog,43.0,11.0,0.011369665726802354,0.0009997335365270075,4.325917891828416e-06,1.0009785732380676,0.016783459762554735,59.28709744889099,3.998623962476276,0.0008660196742965688,-0.006862020886690924,6.434889556791315,0.05792653478189753,0.4075809339295897,0.011369665726802354
