{
  "n_total_runs": 2.0,
  "by_solver": [
    {
      "solver": "rbsog",
      "n_runs": 2.0,
      "mean_step_time": 0.011503293817771588,
      "pressure_variance": 5.0057449084088374e-06,
      "temperature_mean": 1.0070138484743278,
      "energy_drift_per_time": 80.6450053660925,
      "area_per_lipid_std": 0.0008653234719908985,
      "thickness_proxy_std": 0.05634618681506401,
      "area_per_lipid_drift_per_time": -0.0068565062672875186,
      "thickness_proxy_drift_per_time": 0.39442528201699945
    }
  ]
}