solver,seed,samples,mean_step_time,std_step_time,pressure_variance,temperature_mean,temperature_std,energy_drift_per_time,step_time_stats_mean
pppm,42.0,4.0,0.0022815937481937,0.0006499970114533598,2.551315791420911e-05,1.0473639982875236,0.0013442173775458622,-133.62551303849017,0.0022815937481937
pppm,43.0,4.0,0.0023147082538343966,0.00040778220699086063,4.331474100338999e-06,0.9719917911466859,0.0033135106933063745,121.86206465024685,0.0023147082538343966
rbsog,42.0,4.0,0.5939067602521391,0.030766031547962897,1.0458384845455005e-06,1.0405534603788402,0.006120244614971197,123.12615775102067,0.5939067602521391
rbsog,43.0,4.0,0.5563478122639935,0.00702454421989651,1.3944899368871086e-07,0.9737553944377924,0.004583433682754619,110.75875712745348,0.5563478122639935
