solver,n_runs,mean_step_time,pressure_variance,temperature_mean,energy_drift_per_time
pppm,2.0,0.0022981510010140482,1.4922316007274056e-05,1.0096778947171048,-5.881724194121659
rbsog,2.0,0.5751272862580663,5.926437391171057e-07,1.0071544274083162,116.94245743923707
