{
  "rmse": 0.04597695558229038,
  "max_abs_error": 0.05246522871071768,
  "mean_relative_error": 0.06927130009391662,
  "max_relative_error": 0.15226350305122466,
  "accepted_samples": 63711.0,
  "requested_samples": 64000.0,
  "acceptance_ratio": 0.995484375,
  "jit_enabled": 1.0,
  "neighbor_skin": 0.3,
  "neighbor_rebuild_interval": 10.0
}