{
  "samples": 13.0,
  "mean_step_time": 0.01921475000339202,
  "std_step_time": 0.00017643197069322725,
  "pressure_variance": 1.217910640714005e-06,
  "temperature_mean": 1.0046028390644497,
  "temperature_std": 0.004942244979146732,
  "energy_drift_per_time": 1.85931418684504,
  "area_per_lipid_mean": 3.9991747125741983,
  "area_per_lipid_std": 0.0005120550426955865,
  "area_per_lipid_drift_per_time": -0.006865117490544796,
  "thickness_proxy_mean": 6.3844051187551925,
  "thickness_proxy_std": 0.011063073257595969,
  "thickness_proxy_drift_per_time": 0.08420745273876726,
  "step_time_stats_mean": 0.01921475000339202
}