{
  "n_total_runs": 2.0,
  "by_solver": [
    {
      "solver": "rbsog",
      "n_runs": 2.0,
      "mean_step_time": 0.04161165750023925,
      "pressure_variance": 7.092974084416874e-06,
      "temperature_mean": 1.0059062686510785,
      "energy_drift_per_time": 244.0337552522039,
      "area_per_lipid_std": 0.0008657231457211229,
      "thickness_proxy_std": 0.056839740071039466,
      "area_per_lipid_drift_per_time": -0.006859673877392726,
      "thickness_proxy_drift_per_time": 0.39832928757230923
    }
  ]
}