solver,seed,samples,mean_step_time,std_step_time,pressure_variance,temperature_mean,temperature_std,energy_drift_per_time,area_per_lipid_mean,area_per_lipid_std,area_per_lipid_drift_per_time,thickness_proxy_mean,thickness_proxy_std,thickness_proxy_drift_per_time,step_time_stats_mean
rbsog,42.0,11.0,0.04167295909097778,0.002951476822216137,6.005454968861481e-06,1.0117030805141891,0.010805800650674624,211.2969433941756,3.9986265586248937,0.0008649717928905437,-0.006853721480652589,6.422627770560978,0.05525751871924195,0.38534852987638285,0.04167295909097778
rbsog,43.0,11.0,0.041550355909500715,0.0019670063587463606,8.180493199972266e-06,1.0001094567879678,0.01605182414369451,276.77056711023215,3.998623558894408,0.0008664744985517021,-0.006865626274132863,6.4353616675547585,0.05842196142283699,0.4113100452682356,0.041550355909500715
