{
  "rmse": 0.046144278585132675,
  "max_abs_error": 0.0526461493909709,
  "mean_relative_error": 0.06945270951904953,
  "max_relative_error": 0.15262303790818563,
  "accepted_samples": 63296.0,
  "requested_samples": 64000.0,
  "acceptance_ratio": 0.989,
  "jit_enabled": 1.0,
  "long_range_jit_enabled": 1.0,
  "neighbor_skin": 0.3,
  "neighbor_rebuild_interval": 10.0
}