{
  "rmse": 0.04599346122572544,
  "max_abs_error": 0.05248307403560304,
  "mean_relative_error": 0.0692892061812505,
  "max_relative_error": 0.15229899844674857,
  "accepted_samples": 63766.0,
  "requested_samples": 64000.0,
  "acceptance_ratio": 0.99634375,
  "jit_enabled": 1.0,
  "long_range_jit_enabled": 1.0,
  "neighbor_skin": 0.3,
  "neighbor_rebuild_interval": 10.0
}