{
  "samples": 21.0,
  "mean_step_time": 0.0006354384760405603,
  "std_step_time": 0.00020090951698345817,
  "pressure_variance": 0.000876071435902935,
  "temperature_mean": 1.0194243991771283,
  "temperature_std": 0.007266027428737326,
  "energy_drift_per_time": -86.49281619413652,
  "area_per_lipid_mean": 3.997022161810178,
  "area_per_lipid_std": 0.0017685424498104306,
  "area_per_lipid_drift_per_time": -0.007305433216749608,
  "thickness_proxy_mean": 6.255420284499651,
  "thickness_proxy_std": 0.1409755728184848,
  "thickness_proxy_drift_per_time": -0.5666756065963977,
  "step_time_stats_mean": 0.0006354384760405603
}