solver,seed,samples,mean_step_time,std_step_time,pressure_variance,temperature_mean,temperature_std,energy_drift_per_time,area_per_lipid_mean,area_per_lipid_std,area_per_lipid_drift_per_time,thickness_proxy_mean,thickness_proxy_std,thickness_proxy_drift_per_time,step_time_stats_mean
pppm,42.0,11.0,0.0019677424491171473,0.0002303075194091434,0.0002821048714211676,1.002359197226236,0.002415036364367115,-52.64291025790531,3.9992506319406194,0.00046674381367217525,-0.0074130757215682,6.346727346280647,0.030021903616339923,-0.4758279082986912,0.0019677424491171473
