{
  "rmse": 0.04614472959771443,
  "max_abs_error": 0.052646637106138705,
  "mean_relative_error": 0.0694531981707293,
  "max_relative_error": 0.15262400614209662,
  "accepted_samples": 63434.0,
  "requested_samples": 64000.0,
  "acceptance_ratio": 0.99115625,
  "jit_enabled": 1.0,
  "long_range_jit_enabled": 1.0,
  "neighbor_skin": 0.3,
  "neighbor_rebuild_interval": 10.0
}