{
  "rmse": 0.045982842433507795,
  "max_abs_error": 0.05247159332659823,
  "mean_relative_error": 0.06927768669680398,
  "max_relative_error": 0.15227616345599598,
  "accepted_samples": 63711.0,
  "requested_samples": 64000.0,
  "acceptance_ratio": 0.995484375,
  "jit_enabled": 1.0,
  "neighbor_skin": 0.3,
  "neighbor_rebuild_interval": 10.0
}