{
  "rmse": 0.046145342238329265,
  "max_abs_error": 0.052647299602758935,
  "mean_relative_error": 0.06945386193614045,
  "max_relative_error": 0.15262532135136989,
  "accepted_samples": 31690.0,
  "requested_samples": 32000.0,
  "acceptance_ratio": 0.9903125,
  "jit_enabled": 1.0,
  "long_range_jit_enabled": 1.0,
  "neighbor_skin": 0.3,
  "neighbor_rebuild_interval": 10.0
}