{
  "area_per_lipid_mean": 3.9956648845742064,
  "area_per_lipid_std": 0.002552225618489692,
  "area_per_lipid_drift_per_time": -0.0071355671153121225,
  "thickness_proxy_mean": 6.109079017452863,
  "thickness_proxy_std": 0.2707551342501785,
  "thickness_proxy_drift_per_time": -0.734935567044535
}