solver,n_runs,mean_step_time,pressure_variance,temperature_mean,energy_drift_per_time,area_per_lipid_std,thickness_proxy_std,area_per_lipid_drift_per_time,thickness_proxy_drift_per_time
rbsog,2.0,0.08294250627295696,8.488388116222243e-06,1.0099674478865337,224.9652361406876,0.0008651066960757517,0.056435297934125106,-0.006854786388707516,0.39531467168255996
