solver,seed,samples,mean_step_time,std_step_time,pressure_variance,temperature_mean,temperature_std,energy_drift_per_time,area_per_lipid_mean,area_per_lipid_std,area_per_lipid_drift_per_time,thickness_proxy_mean,thickness_proxy_std,thickness_proxy_drift_per_time,step_time_stats_mean
rbsog,42.0,11.0,0.0845508470907093,0.007344325678923759,6.537819794636326e-06,1.0158459862790428,0.014916062792669897,192.02949380360224,3.9986271146234547,0.000864396116702535,-0.0068491571577630125,6.42191176732899,0.054557663613288995,0.3800194591492816,0.0845508470907093
rbsog,43.0,11.0,0.08133416545520462,0.0026145545579840802,1.0438956437808162e-05,1.0040889094940249,0.01939697936587058,257.900978477773,3.998624198104717,0.0008658172754489683,-0.00686041561965202,6.435284117455643,0.058312932254961224,0.4106098842158384,0.08133416545520462
