{
  "rmse": 0.04605152832055723,
  "max_abs_error": 0.05254585705192927,
  "mean_relative_error": 0.06935218111005445,
  "max_relative_error": 0.1524238213815012,
  "accepted_samples": 254397.0,
  "requested_samples": 256000.0,
  "acceptance_ratio": 0.99373828125,
  "jit_enabled": 1.0,
  "long_range_jit_enabled": 1.0,
  "neighbor_skin": 0.3,
  "neighbor_rebuild_interval": 10.0
}