{
  "samples": 51.0,
  "mean_step_time": 0.010450579234576948,
  "std_step_time": 0.00044357121517891844,
  "pressure_variance": 0.00020006178226486754,
  "temperature_mean": 1.09790708038714,
  "temperature_std": 0.09960606291447371,
  "energy_drift_per_time": 344.4706373326973,
  "area_per_lipid_mean": 3.996602839347734,
  "area_per_lipid_std": 0.0019807066343421036,
  "area_per_lipid_drift_per_time": -0.0067294447717811965,
  "thickness_proxy_mean": 6.851473482237709,
  "thickness_proxy_std": 0.46616294159774413,
  "thickness_proxy_drift_per_time": 1.507738534770056,
  "step_time_stats_mean": 0.010450579234576948
}