solver,seed,samples,mean_step_time,std_step_time,pressure_variance,temperature_mean,temperature_std,energy_drift_per_time,area_per_lipid_mean,area_per_lipid_std,area_per_lipid_drift_per_time,thickness_proxy_mean,thickness_proxy_std,thickness_proxy_drift_per_time,step_time_stats_mean
rbsog,42.0,11.0,0.041522887181186394,0.0019981084205796217,1.0458195409314186e-05,1.0162038278460288,0.015317106465936257,280.2125845368679,3.9986272090361115,0.0008643198384406036,-0.006848552818211081,6.421668189418406,0.054383810216921395,0.37854431150129236,0.041522887181186394
rbsog,43.0,11.0,0.04153099518192572,0.0017080340146690743,1.1273561812808945e-05,1.0039170919999434,0.019241573503121123,310.5907188225767,3.998624141053023,0.0008658856931123814,-0.0068609577308665235,6.435248548771738,0.05835059988663606,0.41070593553498,0.04153099518192572
