solver,seed,samples,mean_step_time,std_step_time,pressure_variance,temperature_mean,temperature_std,energy_drift_per_time,area_per_lipid_mean,area_per_lipid_std,area_per_lipid_drift_per_time,thickness_proxy_mean,thickness_proxy_std,thickness_proxy_drift_per_time,step_time_stats_mean
rbsog,42.0,11.0,0.006485177908788583,0.0006303790687482205,6.811994071313687e-06,1.0162668091321523,0.015419555816165513,91.95700156696566,3.998626980258682,0.0008645824130088691,-0.006850633756222409,6.422298270284901,0.05481511525933003,0.3822730475396731,0.006485177908788583
rbsog,43.0,11.0,0.006662196182084947,0.0004484921510127152,2.0941771329547273e-05,1.0038121215252376,0.018713607499601624,305.1562230286976,3.9986244386463885,0.0008657244000669065,-0.006859681298346046,6.435205047103836,0.058324377752858404,0.41060060080843763,0.006662196182084947
