{
  "rmse": 0.046012073754524964,
  "max_abs_error": 0.05250319768965461,
  "mean_relative_error": 0.06930939505429128,
  "max_relative_error": 0.15233901709187744,
  "accepted_samples": 31825.0,
  "requested_samples": 32000.0,
  "acceptance_ratio": 0.99453125,
  "jit_enabled": 1.0,
  "long_range_jit_enabled": 1.0,
  "neighbor_skin": 0.3,
  "neighbor_rebuild_interval": 10.0
}