{
  "area_per_lipid_mean": 3.9986241627375345,
  "area_per_lipid_std": 0.0008302681232279679,
  "area_per_lipid_drift_per_time": -0.00686458500779706,
  "thickness_proxy_mean": 6.432381866690812,
  "thickness_proxy_std": 0.05508897813492684,
  "thickness_proxy_drift_per_time": 0.4069351247356862
}