{
  "area_per_lipid_mean": 3.9963732762256186,
  "area_per_lipid_std": 0.002109677060453444,
  "area_per_lipid_drift_per_time": -0.007167562997715929,
  "thickness_proxy_mean": 6.200385712534415,
  "thickness_proxy_std": 0.18820960397482453,
  "thickness_proxy_drift_per_time": -0.6213606941495782
}