{
  "samples": 13.0,
  "mean_step_time": 0.0019110961517211623,
  "std_step_time": 0.0001764478873545767,
  "pressure_variance": 0.0003183369019808506,
  "temperature_mean": 1.0032576333187067,
  "temperature_std": 0.0030679952730281006,
  "energy_drift_per_time": -39.49856796906096,
  "area_per_lipid_mean": 3.9991043310624694,
  "area_per_lipid_std": 0.000550326780953751,
  "area_per_lipid_drift_per_time": -0.007377942093452272,
  "thickness_proxy_mean": 6.336104731822544,
  "thickness_proxy_std": 0.037272035848724135,
  "thickness_proxy_drift_per_time": -0.4983309278526928,
  "step_time_stats_mean": 0.0019110961517211623
}