solver,n_runs,mean_step_time,pressure_variance,temperature_mean,energy_drift_per_time,area_per_lipid_std,thickness_proxy_std,area_per_lipid_drift_per_time,thickness_proxy_drift_per_time
rbsog,2.0,0.018091334902792147,0.00013443684234906757,1.0645309097532891,314.6156489690241,0.0016045549985116386,0.27743009126187734,-0.0067826831420849006,1.111288115693661
