solver,seed,samples,mean_step_time,std_step_time,pressure_variance,temperature_mean,temperature_std,energy_drift_per_time,area_per_lipid_mean,area_per_lipid_std,area_per_lipid_drift_per_time,thickness_proxy_mean,thickness_proxy_std,thickness_proxy_drift_per_time,step_time_stats_mean
rbsog,42.0,41.0,0.018040905512795535,0.0006044283794819146,4.1429312926423807e-05,1.040307199789624,0.03185895525726574,292.68194770117117,3.9972656008937713,0.0016106359204187365,-0.006808500466109931,6.640423771711818,0.27188082883213277,1.0885010803404267,0.018040905512795535
rbsog,43.0,41.0,0.01814176429278876,0.0005195564600002471,0.00022744437177171133,1.0887546197169542,0.10911439952067718,336.54935023687705,3.9972727848774894,0.0015984740766045408,-0.006756865818059871,6.662080455237163,0.28297935369162197,1.1340751510468954,0.01814176429278876
