solver,seed,samples,mean_step_time,std_step_time,pressure_variance,temperature_mean,temperature_std,energy_drift_per_time,step_time_stats_mean
pppm,42.0,5.0,0.0017822915979195386,3.8680800408960427e-05,7.313755654266211e-06,1.047721270941812,0.0011199651890653256,-73.51221032957399,0.0017822915979195386
rbsog,42.0,5.0,0.5802231000037864,0.019238240385105045,1.1554620472741594e-06,1.0431488111593548,0.004171647966895539,-663.9684024544295,0.5802231000037864
