solver,n_runs,mean_step_time,pressure_variance,temperature_mean,energy_drift_per_time
pppm,1.0,0.0017822915979195386,7.313755654266211e-06,1.047721270941812,-73.51221032957399
rbsog,1.0,0.5802231000037864,1.1554620472741594e-06,1.0431488111593548,-663.9684024544295
