{
  "rmse": 0.04614388958541725,
  "max_abs_error": 0.05264572873538853,
  "mean_relative_error": 0.06945228805413929,
  "max_relative_error": 0.15262220279989244,
  "accepted_samples": 63324.0,
  "requested_samples": 64000.0,
  "acceptance_ratio": 0.9894375,
  "jit_enabled": 1.0,
  "long_range_jit_enabled": 1.0,
  "neighbor_skin": 0.3,
  "neighbor_rebuild_interval": 10.0
}