{
  "rmse": 0.024556038266641905,
  "max_abs_error": 0.02988275914742733,
  "mean_relative_error": 0.04346576001739129,
  "max_relative_error": 0.09926030005300243,
  "accepted_samples": 127561.0,
  "requested_samples": 128000.0,
  "acceptance_ratio": 0.9965703125,
  "jit_enabled": 1.0,
  "long_range_jit_enabled": 1.0,
  "neighbor_skin": 0.3,
  "neighbor_rebuild_interval": 10.0
}