{
  "samples": 21.0,
  "mean_step_time": 0.04917726590498378,
  "std_step_time": 0.030266208966129478,
  "pressure_variance": 8.572651829995574e-05,
  "temperature_mean": 1.073371424424122,
  "temperature_std": 0.05002599567866542,
  "energy_drift_per_time": 1010.028125010012,
  "area_per_lipid_mean": 3.1726709187370807,
  "area_per_lipid_std": 0.0012825734623910978,
  "area_per_lipid_drift_per_time": -0.00529861410732428,
  "thickness_proxy_mean": 8.602187109667339,
  "thickness_proxy_std": 0.46876121785792335,
  "thickness_proxy_drift_per_time": 1.8882092054067223,
  "step_time_stats_mean": 0.04917726590498378
}