{
  "samples": 21.0,
  "mean_step_time": 0.016672263854637832,
  "std_step_time": 0.003916282298515631,
  "pressure_variance": 4.485353106747814e-06,
  "temperature_mean": 1.0125134714395665,
  "temperature_std": 0.011350576489528296,
  "energy_drift_per_time": 184.46866872113216,
  "area_per_lipid_mean": 3.9986270154357006,
  "area_per_lipid_std": 0.0008289139943634557,
  "area_per_lipid_drift_per_time": -0.006853391019473039,
  "thickness_proxy_mean": 6.419899186075557,
  "thickness_proxy_std": 0.05227689101579726,
  "thickness_proxy_drift_per_time": 0.38260071727891315,
  "step_time_stats_mean": 0.016672263854637832
}