{
  "n_total_runs": 1.0,
  "by_solver": [
    {
      "solver": "rbsog",
      "n_runs": 1.0,
      "mean_step_time": 0.01921475000339202,
      "pressure_variance": 1.217910640714005e-06,
      "temperature_mean": 1.0046028390644497,
      "energy_drift_per_time": 1.85931418684504,
      "area_per_lipid_std": 0.0005120550426955865,
      "thickness_proxy_std": 0.011063073257595969,
      "area_per_lipid_drift_per_time": -0.006865117490544796,
      "thickness_proxy_drift_per_time": 0.08420745273876726
    }
  ]
}