{
  "n_total_runs": 3.0,
  "by_solver": [
    {
      "solver": "rbsog",
      "n_runs": 3.0,
      "mean_step_time": 0.023437203111040847,
      "pressure_variance": 0.0004898107180319602,
      "temperature_mean": 1.1488674184063559,
      "energy_drift_per_time": 480.06131696607963,
      "area_per_lipid_std": 0.003908036965945332,
      "thickness_proxy_std": 1.598985991565023,
      "area_per_lipid_drift_per_time": -0.006637807500455259,
      "thickness_proxy_drift_per_time": 2.667340444918016
    }
  ]
}