solver,seed,samples,mean_step_time,std_step_time,pressure_variance,temperature_mean,temperature_std,energy_drift_per_time,area_per_lipid_mean,area_per_lipid_std,area_per_lipid_drift_per_time,thickness_proxy_mean,thickness_proxy_std,thickness_proxy_drift_per_time,step_time_stats_mean
pppm,42.0,21.0,0.0007361714285382602,0.0001776721557290864,5.3439028919044874e-05,1.0117552658264342,0.008908849943863598,-132.8521437054567,3.4917977581181106,0.0015206377481547504,-0.006282148268028513,7.17847124668772,0.14232175626365887,-0.5662021621345781,0.0007361714285382602
pppm,43.0,21.0,0.0007069725713032918,0.00013659362755295075,4.220828081587107e-05,1.0114555725212586,0.007634505762708408,-139.67061043686934,3.491794512658506,0.0015243347020869867,-0.006297429795295297,7.202251116423592,0.13379405792379842,-0.532113615504113,0.0007069725713032918
pppm,44.0,21.0,0.000700514666494287,8.73153523295569e-05,5.8601646019694415e-05,1.012317291185499,0.00808311949814286,-150.94756119728535,3.491776048252397,0.001535609107553362,-0.006343994780178841,7.20710514030885,0.11696625957385084,-0.46195494560491956,0.000700514666494287
rbsog,42.0,21.0,0.03167657099973959,0.0018334178168062443,5.047257356423851e-05,1.0579748004675527,0.03755714579911475,525.6583213694909,3.4919579118608732,0.0014246367510101546,-0.005885544992617955,7.8084254910826765,0.4296665963031292,1.7214323740052222,0.03167657099973959
rbsog,43.0,21.0,0.03824488461863699,0.019793717101509883,0.035043698101299224,1.5267370557953188,1.488046382881427,8548.177995053626,3.491959328646128,0.0014153360286300995,-0.0058449406157955715,7.799999528500411,0.40870692948203974,1.6377129444009584,0.03824488461863699
rbsog,44.0,21.0,0.032257999761852604,0.00227634153592499,0.00010414390782632974,1.060210629627106,0.07063678037566233,834.5225818384877,3.4919543276348226,0.0014277606510681782,-0.0058984573676622645,7.759808446851759,0.386085372455166,1.5483112458234973,0.032257999761852604
