solver,n_runs,mean_step_time,pressure_variance,temperature_mean,energy_drift_per_time,area_per_lipid_std,thickness_proxy_std,area_per_lipid_drift_per_time,thickness_proxy_drift_per_time
pppm,3.0,0.000714552888778613,5.141631858487012e-05,1.0118427098443972,-141.15677177987047,0.0015268605192650328,0.13102735792043604,-0.006307857614500883,-0.5200902410812036
rbsog,3.0,0.03405981846007639,0.011732771527563265,1.2149741619633259,3302.7862994205348,0.001422577810236144,0.4081529660801117,-0.005876314325358597,1.635818854743226
