solver,seed,samples,mean_step_time,std_step_time,pressure_variance,temperature_mean,temperature_std,energy_drift_per_time,area_per_lipid_mean,area_per_lipid_std,area_per_lipid_drift_per_time,thickness_proxy_mean,thickness_proxy_std,thickness_proxy_drift_per_time,step_time_stats_mean
pppm,42.0,31.0,0.0014614428386736226,0.0003238234048385021,0.0005430031906714614,1.0227936264362802,0.01710975958391877,-99.30911537379076,3.995619939965199,0.0025689819895410248,-0.0071823219747747125,5.88053798920716,0.3767456612435845,-1.0443459421278978,0.0014614428386736226
pppm,43.0,31.0,0.0013645014835586358,0.0002660416144238211,0.000510891386940328,1.0196417543851242,0.02091353487642385,-82.2492517067342,3.995647508491923,0.0025535376180596038,-0.00713920366035274,5.874506731382638,0.39932664496342907,-1.1022866005770082,0.0013645014835586358
pppm,44.0,31.0,0.001657457129113027,0.000508825286532449,0.0003769322388008128,1.0270325515314649,0.00752137074058881,-107.64456855093262,3.995665132105947,0.0025479154510699327,-0.00712353917688514,6.069514995716281,0.3012890129074336,-0.8199576494091311,0.001657457129113027
