{
  "n_total_runs": 3.0,
  "by_solver": [
    {
      "solver": "rbsog",
      "n_runs": 3.0,
      "mean_step_time": 0.08633535517005571,
      "pressure_variance": 0.00038597420586103116,
      "temperature_mean": 1.126958744575659,
      "energy_drift_per_time": 480.7641471464919,
      "area_per_lipid_std": 0.003921049664509023,
      "thickness_proxy_std": 1.6154474190743342,
      "area_per_lipid_drift_per_time": -0.006659971351886544,
      "thickness_proxy_drift_per_time": 2.692483271207376
    }
  ]
}