solver,seed,samples,mean_step_time,std_step_time,pressure_variance,temperature_mean,temperature_std,energy_drift_per_time,area_per_lipid_mean,area_per_lipid_std,area_per_lipid_drift_per_time,thickness_proxy_mean,thickness_proxy_std,thickness_proxy_drift_per_time,step_time_stats_mean
rbsog,42.0,51.0,0.09244588696092965,0.03640731715539743,0.0002893624149539813,1.1138911814497565,0.06917274095006544,414.3246261857436,3.9932635209364986,0.0039194842432256965,-0.006657360812196904,8.176089988999959,1.5796309369850832,2.6252185215290176,0.09244588696092965
rbsog,43.0,51.0,0.08926461623541757,0.04505119740080151,0.000604138209248992,1.1386895771257328,0.1194908369914685,707.9061118421318,3.9932598721114143,0.00391790265265591,-0.006654569509357423,8.26430881210089,1.637754877403746,2.72466431815749,0.08926461623541757
rbsog,44.0,51.0,0.07729556231381995,0.035966097936438235,0.0002644219933801201,1.1282954751514873,0.08127566132802187,320.0617034116002,3.993257911248703,0.0039257620976454605,-0.0066679837341053014,8.406937766024363,1.6289564428341734,2.7275669739356205,0.07729556231381995
