solver,seed,samples,mean_step_time,std_step_time,pressure_variance,temperature_mean,temperature_std,energy_drift_per_time,area_per_lipid_mean,area_per_lipid_std,area_per_lipid_drift_per_time,thickness_proxy_mean,thickness_proxy_std,thickness_proxy_drift_per_time,step_time_stats_mean
rbsog,42.0,51.0,0.02118684319943628,0.0010503133516513354,7.584380113179363e-05,1.0568823577160102,0.04354472068420079,392.94765551668576,3.996590482496158,0.0019962301570183184,-0.006782311225875291,6.817795944523395,0.4396138393623186,1.4250749994999699,0.02118684319943628
rbsog,43.0,51.0,0.022292951743378687,0.0017192955864459656,7.64394825114958e-05,1.0599270788025292,0.053838407651836034,397.43333964495554,3.9965873010630157,0.0019965714963757247,-0.0067834659221957605,6.849403363017668,0.460232838585507,1.49283538960112,0.022292951743378687
rbsog,44.0,51.0,0.022690938665832886,0.00177827524799382,3.247815563033629e-05,1.064981327287374,0.02938151533551793,309.17968305123816,3.9965919359035715,0.0019988882222636384,-0.006791383828910418,6.991983399458097,0.5174247001550041,1.704408259146832,0.022690938665832886
