{
  "n_total_runs": 3.0,
  "by_solver": [
    {
      "solver": "rbsog",
      "n_runs": 3.0,
      "mean_step_time": 0.022056911202882615,
      "pressure_variance": 6.15871464245419e-05,
      "temperature_mean": 1.060596921268638,
      "energy_drift_per_time": 366.5202260709598,
      "area_per_lipid_std": 0.0019972299585525603,
      "thickness_proxy_std": 0.4724237927009432,
      "area_per_lipid_drift_per_time": -0.00678572032566049,
      "thickness_proxy_drift_per_time": 1.5407728827493072
    }
  ]
}