{
  "samples": 101.0,
  "mean_step_time": 0.002979590306909309,
  "std_step_time": 0.00042327343577267516,
  "pressure_variance": 0.0003778552556940064,
  "temperature_mean": 1.029859589326173,
  "temperature_std": 0.02125180942274178,
  "energy_drift_per_time": -144.52805135672386,
  "area_per_lipid_mean": 3.992837025189584,
  "area_per_lipid_std": 0.004112469674232126,
  "area_per_lipid_drift_per_time": -0.0070529633205841024,
  "thickness_proxy_mean": 5.59968577967339,
  "thickness_proxy_std": 0.4801722069502422,
  "thickness_proxy_drift_per_time": -0.7364539908403372,
  "step_time_stats_mean": 0.002979590306909309
}