{
  "rmse": 0.046050618063250184,
  "max_abs_error": 0.052544872833196976,
  "mean_relative_error": 0.06935119414526095,
  "max_relative_error": 0.15242186526744214,
  "accepted_samples": 127155.0,
  "requested_samples": 128000.0,
  "acceptance_ratio": 0.9933984375,
  "jit_enabled": 1.0,
  "long_range_jit_enabled": 1.0,
  "neighbor_skin": 0.3,
  "neighbor_rebuild_interval": 10.0
}