solver,seed,samples,mean_step_time,std_step_time,pressure_variance,temperature_mean,temperature_std,energy_drift_per_time,area_per_lipid_mean,area_per_lipid_std,area_per_lipid_drift_per_time,thickness_proxy_mean,thickness_proxy_std,thickness_proxy_drift_per_time,step_time_stats_mean
rbsog,42.0,31.0,0.01879154974050189,0.004195433096626212,2.5831197244121627e-05,1.0270932787801434,0.02457790786324694,344.87421685410703,3.9979446172996207,0.0012216017210588009,-0.006833062110113611,6.507299337697182,0.14223979065852846,0.7419976214067413,0.01879154974050189
rbsog,43.0,31.0,0.018238610257544825,0.003984448960824128,0.00021947255679500855,1.0610094257824279,0.11101261411507678,563.4586588033303,3.997944023052458,0.0012185302585780036,-0.006815738251407953,6.523980473859218,0.14907970576375953,0.7794384584515068,0.018238610257544825
