{
  "n_total_runs": 2.0,
  "by_solver": [
    {
      "solver": "rbsog",
      "n_runs": 2.0,
      "mean_step_time": 0.018515079999023357,
      "pressure_variance": 0.00012265187701956509,
      "temperature_mean": 1.0440513522812855,
      "energy_drift_per_time": 454.1664378287187,
      "area_per_lipid_std": 0.0012200659898184024,
      "thickness_proxy_std": 0.145659748211144,
      "area_per_lipid_drift_per_time": -0.006824400180760782,
      "thickness_proxy_drift_per_time": 0.760718039929124
    }
  ]
}