solver,n_runs,mean_step_time,pressure_variance,temperature_mean,energy_drift_per_time,area_per_lipid_std,thickness_proxy_std,area_per_lipid_drift_per_time,thickness_proxy_drift_per_time
rbsog,2.0,0.018515079999023357,0.00012265187701956509,1.0440513522812855,454.1664378287187,0.0012200659898184024,0.145659748211144,-0.006824400180760782,0.760718039929124
