{
  "samples": 51.0,
  "mean_step_time": 0.0017264558444046142,
  "std_step_time": 0.00011329904008454064,
  "pressure_variance": 0.00033339398344054045,
  "temperature_mean": 1.014224096858138,
  "temperature_std": 0.018925925022083293,
  "energy_drift_per_time": -59.786758493913055,
  "area_per_lipid_mean": 3.9963602050294464,
  "area_per_lipid_std": 0.0021140101759007696,
  "area_per_lipid_drift_per_time": -0.0071822809105818106,
  "thickness_proxy_mean": 6.017025488528694,
  "thickness_proxy_std": 0.2868034033619347,
  "thickness_proxy_drift_per_time": -0.9614420738613206,
  "step_time_stats_mean": 0.0017264558444046142
}