solver,n_runs,mean_step_time,pressure_variance,temperature_mean,energy_drift_per_time,area_per_lipid_std,thickness_proxy_std,area_per_lipid_drift_per_time,thickness_proxy_drift_per_time
pppm,3.0,0.01652545294621055,0.0003377832351499098,1.0221746851729085,-102.0633590624235,0.00256272891936174,0.3444688749623522,-0.007164964056769256,-0.9482585200053225
