solver,seed,samples,mean_step_time,std_step_time,pressure_variance,temperature_mean,temperature_std,energy_drift_per_time,area_per_lipid_mean,area_per_lipid_std,area_per_lipid_drift_per_time,thickness_proxy_mean,thickness_proxy_std,thickness_proxy_drift_per_time,step_time_stats_mean
pppm,42.0,31.0,0.017522525870874467,0.004246259430059223,0.0002784828140215817,1.0227856620855982,0.017747880293428386,-103.84634231835744,3.995636226964705,0.002572845209754513,-0.00719327767300745,5.897616419463648,0.3631105541785265,-1.0067670392968928,0.017522525870874467
pppm,43.0,31.0,0.01628905674202073,0.0025655810521001145,0.00033599716268813563,1.0176018444063386,0.020455751344550112,-88.5917152305125,3.995650125113274,0.002559881837088136,-0.007157002680559251,5.889752593664309,0.38579672953169825,-1.0653453243732496,0.01628905674202073
pppm,44.0,31.0,0.01576477622573645,0.0016069150627648573,0.00039886972874001223,1.0261365490267893,0.007777707404962124,-113.75201963840054,3.9956543285528103,0.0025554597112425717,-0.007144611816741068,6.0922684759299175,0.28449934117683195,-0.772663196345825,0.01576477622573645
