{
  "n_total_runs": 2.0,
  "by_solver": [
    {
      "solver": "rbsog",
      "n_runs": 2.0,
      "mean_step_time": 0.01285213750005906,
      "pressure_variance": 7.679396092900888e-06,
      "temperature_mean": 1.0101521871040857,
      "energy_drift_per_time": 118.10678470581006,
      "area_per_lipid_std": 0.0008648385824656271,
      "thickness_proxy_std": 0.05629077169036575,
      "area_per_lipid_drift_per_time": -0.006852661995611629,
      "thickness_proxy_drift_per_time": 0.39402136068808374
    }
  ]
}