solver,seed,samples,mean_step_time,std_step_time,pressure_variance,temperature_mean,temperature_std,energy_drift_per_time,area_per_lipid_mean,area_per_lipid_std,area_per_lipid_drift_per_time,thickness_proxy_mean,thickness_proxy_std,thickness_proxy_drift_per_time,step_time_stats_mean
rbsog,42.0,11.0,0.012748957000109262,0.0013060927241039352,9.340687873460626e-06,1.016309818298815,0.015278788279555623,131.68591642001167,3.998627680139269,0.0008641511068489515,-0.006847216797518078,6.421484461802518,0.054252370466975994,0.3774964111971302,0.012748957000109262
rbsog,43.0,11.0,0.01295531800000886,0.001848721761365309,6.01810431234115e-06,1.0039945559093562,0.019213737070181765,104.52765299160845,3.998624460130236,0.0008655260580823026,-0.006858107193705179,6.435228334339988,0.0583291729137555,0.4105463101790373,0.01295531800000886
