solver,seed,samples,mean_step_time,std_step_time,pressure_variance,temperature_mean,temperature_std,energy_drift_per_time,area_per_lipid_mean,area_per_lipid_std,area_per_lipid_drift_per_time,thickness_proxy_mean,thickness_proxy_std,thickness_proxy_drift_per_time,step_time_stats_mean
rbsog,42.0,21.0,0.016672263854637832,0.003916282298515631,4.485353106747814e-06,1.0125134714395665,0.011350576489528296,184.46866872113216,3.9986270154357006,0.0008289139943634557,-0.006853391019473039,6.419899186075557,0.05227689101579726,0.38260071727891315,0.016672263854637832
rbsog,43.0,21.0,0.01645839300111956,0.0031116599002683366,9.050591401808796e-06,1.00087751724804,0.016153278149644835,152.02424180422872,3.9986240733041596,0.0008302461700495726,-0.006864402934099296,6.432325673934081,0.05511186605643336,0.40693629460706454,0.01645839300111956
