{
  "n_total_runs": 2.0,
  "by_solver": [
    {
      "solver": "rbsog",
      "n_runs": 2.0,
      "mean_step_time": 0.016565328427878695,
      "pressure_variance": 6.767972254278305e-06,
      "temperature_mean": 1.0066954943438033,
      "energy_drift_per_time": 168.24645526268046,
      "area_per_lipid_std": 0.0008295800822065142,
      "thickness_proxy_std": 0.053694378536115306,
      "area_per_lipid_drift_per_time": -0.006858896976786167,
      "thickness_proxy_drift_per_time": 0.39476850594298885
    }
  ]
}