solver,seed,samples,mean_step_time,std_step_time,pressure_variance,temperature_mean,temperature_std,energy_drift_per_time,area_per_lipid_mean,area_per_lipid_std,area_per_lipid_drift_per_time,thickness_proxy_mean,thickness_proxy_std,thickness_proxy_drift_per_time,step_time_stats_mean
rbsog,42.0,51.0,0.0051831862331121505,0.00015834961826969598,7.017420738004912e-05,1.0587472877651307,0.04440597240203945,307.2755431356631,3.996591676916173,0.0019955617739453265,-0.006780041752087438,6.816294323825652,0.4382532337954542,1.420723972746671,0.0051831862331121505
rbsog,43.0,51.0,0.005384485297220047,0.001313414048688385,7.654435361861358e-05,1.0496096656697516,0.04797985706933083,390.8529987930234,3.9965842977589388,0.001999837270093014,-0.0067945776685309905,6.852495903478003,0.46456488301005217,1.5058447766728909,0.005384485297220047
rbsog,44.0,51.0,0.0051994273335188995,0.0001379704516199306,4.187114629586647e-05,1.0617602325733226,0.02999826864534648,310.04767081162754,3.9965904777984904,0.0020003570561054934,-0.006796375825227401,6.99479653928322,0.5204492111489585,1.7140579177025195,0.0051994273335188995
