{
  "area_per_lipid_mean": 3.997944023052458,
  "area_per_lipid_std": 0.0012185302585780036,
  "area_per_lipid_drift_per_time": -0.006815738251407953,
  "thickness_proxy_mean": 6.523980473859218,
  "thickness_proxy_std": 0.14907970576375953,
  "thickness_proxy_drift_per_time": 0.7794384584515068
}