{
  "area_per_lipid_mean": 3.9649453749437313,
  "area_per_lipid_std": 0.020219167051771583,
  "area_per_lipid_drift_per_time": -0.006935147286103554,
  "thickness_proxy_mean": 8.50213111072577,
  "thickness_proxy_std": 1.9492226634814838,
  "thickness_proxy_drift_per_time": 0.5124357698624857
}