{
  "samples": 101.0,
  "mean_step_time": 0.003067574831760848,
  "std_step_time": 0.000538885499459703,
  "pressure_variance": 0.00018194741131760802,
  "temperature_mean": 1.0270155319203276,
  "temperature_std": 0.014042737472635741,
  "energy_drift_per_time": -128.5565942251595,
  "area_per_lipid_mean": 3.9928879164750923,
  "area_per_lipid_std": 0.004102984036376665,
  "area_per_lipid_drift_per_time": -0.007036837505195459,
  "thickness_proxy_mean": 5.9745729137309675,
  "thickness_proxy_std": 0.29214411173060134,
  "thickness_proxy_drift_per_time": -0.45421903379450634,
  "step_time_stats_mean": 0.003067574831760848
}