{
  "area_per_lipid_mean": 3.9952793365183945,
  "area_per_lipid_std": 0.00479672294566435,
  "area_per_lipid_drift_per_time": -0.00035389153277940637,
  "thickness_proxy_mean": 9.779426493982962,
  "thickness_proxy_std": 1.083590978579192,
  "thickness_proxy_drift_per_time": 0.08662226057873007
}