{
  "area_per_lipid_mean": 3.992828912354229,
  "area_per_lipid_std": 0.004163380951053044,
  "area_per_lipid_drift_per_time": -0.007071639473893435,
  "thickness_proxy_mean": 5.662594423359715,
  "thickness_proxy_std": 0.4248378418146853,
  "thickness_proxy_drift_per_time": -0.6496653806623075
}