{
  "samples": 51.0,
  "mean_step_time": 0.13570875231376775,
  "std_step_time": 0.05621773210590142,
  "pressure_variance": 0.00038767684445516795,
  "temperature_mean": 1.1403459440440997,
  "temperature_std": 0.10850557431277708,
  "energy_drift_per_time": 369.5751951082346,
  "area_per_lipid_mean": 3.993275803673034,
  "area_per_lipid_std": 0.003904516026084315,
  "area_per_lipid_drift_per_time": -0.006631760605804666,
  "thickness_proxy_mean": 8.151870366652034,
  "thickness_proxy_std": 1.5443201395789314,
  "thickness_proxy_drift_per_time": 2.5704152024365308,
  "step_time_stats_mean": 0.13570875231376775
}