{
  "area_per_lipid_mean": 3.993256986728404,
  "area_per_lipid_std": 0.003926514095278479,
  "area_per_lipid_drift_per_time": -0.006669263162333704,
  "thickness_proxy_mean": 8.416173195748506,
  "thickness_proxy_std": 1.6403673478565517,
  "thickness_proxy_drift_per_time": 2.746002081806194
}