{
  "samples": 51.0,
  "mean_step_time": 0.0006679259998539541,
  "std_step_time": 0.00017339444637619949,
  "pressure_variance": 0.0008198091771646569,
  "temperature_mean": 1.0261121684468533,
  "temperature_std": 0.01596348714886543,
  "energy_drift_per_time": -119.23005613918865,
  "area_per_lipid_mean": 3.9927879424047807,
  "area_per_lipid_std": 0.00415621506601151,
  "area_per_lipid_drift_per_time": -0.007059353144125854,
  "thickness_proxy_mean": 5.851416527128116,
  "thickness_proxy_std": 0.3937848197167374,
  "thickness_proxy_drift_per_time": -0.6513138123389417,
  "step_time_stats_mean": 0.0006679259998539541
}