solver,seed,samples,mean_step_time,std_step_time,pressure_variance,temperature_mean,temperature_std,energy_drift_per_time,area_per_lipid_mean,area_per_lipid_std,area_per_lipid_drift_per_time,thickness_proxy_mean,thickness_proxy_std,thickness_proxy_drift_per_time,step_time_stats_mean
rbsog,42.0,11.0,0.0835552066369432,0.009955060358263613,3.957445291201266e-06,1.0128656034058385,0.012002916496892554,150.25665915681915,3.9986267393321953,0.0008648068816988686,-0.006852413924911456,6.422480764106277,0.05511830306120812,0.38422261472608277,0.0835552066369432
rbsog,43.0,11.0,0.07924240127216432,0.002545043670592922,7.74083693690068e-06,1.001050502942629,0.016803319469537503,214.3963207904185,3.9986237458027487,0.0008662766900261635,-0.006864058308025366,6.434893700010476,0.05791357633956911,0.40754912270753496,0.07924240127216432
