{
  "area_per_lipid_mean": 3.4917977581181106,
  "area_per_lipid_std": 0.0015206377481547504,
  "area_per_lipid_drift_per_time": -0.006282148268028513,
  "thickness_proxy_mean": 7.17847124668772,
  "thickness_proxy_std": 0.14232175626365887,
  "thickness_proxy_drift_per_time": -0.5662021621345781
}