n_particles,slowdown_ratio
320.0,21.982289626499146
640.0,32.956457673341916
960.0,47.66591668014235
1280.0,63.018589984495485
