solver,slope,intercept,r_squared
pppm,0.28778722657843353,-9.215391175455128,0.9921998019882917
rbsog,1.041865461037111,-10.516014116252155,0.9950331534617944
