{
  "samples": 51.0,
  "mean_step_time": 0.022292951743378687,
  "std_step_time": 0.0017192955864459656,
  "pressure_variance": 7.64394825114958e-05,
  "temperature_mean": 1.0599270788025292,
  "temperature_std": 0.053838407651836034,
  "energy_drift_per_time": 397.43333964495554,
  "area_per_lipid_mean": 3.9965873010630157,
  "area_per_lipid_std": 0.0019965714963757247,
  "area_per_lipid_drift_per_time": -0.0067834659221957605,
  "thickness_proxy_mean": 6.849403363017668,
  "thickness_proxy_std": 0.460232838585507,
  "thickness_proxy_drift_per_time": 1.49283538960112,
  "step_time_stats_mean": 0.022292951743378687
}