solver,n_runs,mean_step_time,pressure_variance,temperature_mean,energy_drift_per_time,area_per_lipid_std,thickness_proxy_std,area_per_lipid_drift_per_time,thickness_proxy_drift_per_time
pppm,10.0,0.0006989344352512168,0.0008412435579146062,1.0286737224961657,-138.83016843469883,0.004166060358099226,0.42366716749994826,-0.007075965348343279,-0.6954200262912761
rbsog,10.0,0.02506971583338871,0.0018550055130120194,1.1980876750978107,522.1988176124624,0.0038816512963847525,1.6287386840691724,-0.0065917947294932815,2.729563079522224
