{
  "area_per_lipid_mean": 3.9979413228518896,
  "area_per_lipid_std": 0.001222939827931852,
  "area_per_lipid_drift_per_time": -0.006840543853389026,
  "thickness_proxy_mean": 6.5243746424158084,
  "thickness_proxy_std": 0.14977776244515503,
  "thickness_proxy_drift_per_time": 0.7823978320165331
}