{
  "area_per_lipid_mean": 3.9992506319406194,
  "area_per_lipid_std": 0.00046674381367217525,
  "area_per_lipid_drift_per_time": -0.0074130757215682,
  "thickness_proxy_mean": 6.346727346280647,
  "thickness_proxy_std": 0.030021903616339923,
  "thickness_proxy_drift_per_time": -0.4758279082986912
}