{
  "n_total_runs": 6.0,
  "by_solver": [
    {
      "solver": "pppm",
      "n_runs": 3.0,
      "mean_step_time": 0.0016966342421558995,
      "pressure_variance": 0.0002849128372809309,
      "temperature_mean": 1.0194371631954195,
      "energy_drift_per_time": -86.31102733548238,
      "area_per_lipid_std": 0.0021145139980502958,
      "thickness_proxy_std": 0.24883156618204105,
      "area_per_lipid_drift_per_time": -0.007184059443130213,
      "thickness_proxy_drift_per_time": -0.8315853068706204
    },
    {
      "solver": "rbsog",
      "n_runs": 3.0,
      "mean_step_time": 0.010389057707476728,
      "pressure_variance": 0.00010218869655736487,
      "temperature_mean": 1.0715963260974322,
      "energy_drift_per_time": 342.8859776746636,
      "area_per_lipid_std": 0.0019923862096578953,
      "thickness_proxy_std": 0.4748343523342678,
      "area_per_lipid_drift_per_time": -0.00676922596785081,
      "thickness_proxy_drift_per_time": 1.5469926328249777
    }
  ]
}