solver,seed,samples,mean_step_time,std_step_time,pressure_variance,temperature_mean,temperature_std,energy_drift_per_time,area_per_lipid_mean,area_per_lipid_std,area_per_lipid_drift_per_time,thickness_proxy_mean,thickness_proxy_std,thickness_proxy_drift_per_time,step_time_stats_mean
pppm,42.0,51.0,0.0016650343507838745,6.382501744680224e-05,0.000240468000327532,1.0185015556553487,0.01397047024389776,-90.79786183505365,3.996362490178151,0.002119854757796674,-0.007202334421092899,6.023430660609646,0.2714816912093639,-0.9119531526009621,0.0016650343507838745
pppm,43.0,51.0,0.0017264558444046142,0.00011329904008454064,0.00033339398344054045,1.014224096858138,0.018925925022083293,-59.786758493913055,3.9963602050294464,0.0021140101759007696,-0.0071822809105818106,6.017025488528694,0.2868034033619347,-0.9614420738613206,0.0017264558444046142
pppm,44.0,51.0,0.0016984125312792101,7.417385937167199e-05,0.00028087652807472024,1.0255858370727715,0.005544412733193316,-108.34846167748043,3.9963732762256186,0.002109677060453444,-0.007167562997715929,6.200385712534415,0.18820960397482453,-0.6213606941495782,0.0016984125312792101
rbsog,42.0,51.0,0.010394246647860306,0.0005688329901268673,6.656119041979861e-05,1.0546580944747421,0.04108263528369399,381.8158408851788,3.9965895998908882,0.001997000936331219,-0.006784936058246013,6.817762445788088,0.4397158825472173,1.42526140322668,0.010394246647860306
rbsog,43.0,51.0,0.010349113590029232,0.0004860467487110588,0.00020006178226486754,1.09790708038714,0.09960606291447371,344.4706373326973,3.996602839347734,0.0019807066343421036,-0.0067294447717811965,6.851473482237709,0.46616294159774413,1.507738534770056,0.010349113590029232
rbsog,44.0,51.0,0.010423812884540645,0.0004832466175505498,3.994311698742842e-05,1.062223803430414,0.029812375901808928,302.3714548061148,3.9965914668223537,0.001999451058300363,-0.00679329707352522,6.9927079449598795,0.5186242328578421,1.7079779604781973,0.010423812884540645
