solver,seed,samples,mean_step_time,std_step_time,pressure_variance,temperature_mean,temperature_std,energy_drift_per_time,area_per_lipid_mean,area_per_lipid_std,area_per_lipid_drift_per_time,thickness_proxy_mean,thickness_proxy_std,thickness_proxy_drift_per_time,step_time_stats_mean
pppm,42.0,21.0,0.0006342339525179428,6.538649644651267e-05,0.0006999537420102218,1.01070078473542,0.009204852560286995,-50.64989164836982,3.9970088742220122,0.0017788576209904216,-0.007348338547081422,6.10170091645913,0.2167213401254267,-0.885004179743215,0.0006342339525179428
pppm,43.0,21.0,0.000690917904735432,0.00024105057179074448,0.0008941822438599181,1.0034050390064446,0.013409766843957935,-36.51769336132066,3.9970020735276406,0.0017798217583993262,-0.00735207919790696,6.113675347987535,0.21448024409303723,-0.875748390386161,0.000690917904735432
pppm,44.0,21.0,0.0006354384760405603,0.00020090951698345817,0.000876071435902935,1.0194243991771283,0.007266027428737326,-86.49281619413652,3.997022161810178,0.0017685424498104306,-0.007305433216749608,6.255420284499651,0.1409755728184848,-0.5666756065963977,0.0006354384760405603
rbsog,42.0,21.0,0.021488094524015434,0.0014194978424221392,4.082979644860659e-05,1.0395174023445166,0.030991257210953898,292.68194770103355,3.9972655776823713,0.0016480052850683094,-0.006808343064770023,6.645065525865559,0.27872613703036964,1.0883009643191532,0.021488094524015434
rbsog,43.0,21.0,0.02122324814297913,0.0020441893154483433,0.00021797466393274237,1.0849815960608544,0.1046137889857897,336.5493502370782,3.997273001697587,0.0016356701861301327,-0.006757160910872007,6.666983926639184,0.29039761636445793,1.134817937045513,0.02122324814297913
rbsog,44.0,21.0,0.02190276966697032,0.002209234496284114,1.7934301271490737e-05,1.050975340023186,0.020222977393168636,189.80616165573366,3.9972688340496645,0.001648494801260244,-0.006810394650109712,6.793024481429921,0.34695044791540036,1.3845590624194593,0.02190276966697032
