solver,n_runs,mean_step_time,pressure_variance,temperature_mean,energy_drift_per_time,area_per_lipid_std,thickness_proxy_std,area_per_lipid_drift_per_time,thickness_proxy_drift_per_time
pppm,3.0,0.0006535301110979783,0.0008234024739243584,1.0111767409729977,-57.88680040127567,0.0017757406097333927,0.19072571901231625,-0.0073352836539126625,-0.7758093922419246
rbsog,3.0,0.02153803744465496,9.224625388427989e-05,1.0584914461428523,273.0124865312818,0.0016440567574862288,0.3053580671034093,-0.006791966208583914,1.202559321261375
