{
  "rmse": 0.045993491966304485,
  "max_abs_error": 0.0524831072715779,
  "mean_relative_error": 0.06928923952785866,
  "max_relative_error": 0.1522990645485372,
  "accepted_samples": 127050.0,
  "requested_samples": 128000.0,
  "acceptance_ratio": 0.992578125,
  "jit_enabled": 1.0,
  "long_range_jit_enabled": 1.0,
  "neighbor_skin": 0.3,
  "neighbor_rebuild_interval": 10.0
}