{
  "area_per_lipid_mean": 3.998627066925683,
  "area_per_lipid_std": 0.0008289572569915205,
  "area_per_lipid_drift_per_time": -0.006853749311804183,
  "thickness_proxy_mean": 6.419816070622901,
  "thickness_proxy_std": 0.05225064895863166,
  "thickness_proxy_drift_per_time": 0.38217522241539814
}