{
  "n_total_runs": 3.0,
  "by_solver": [
    {
      "solver": "pppm",
      "n_runs": 3.0,
      "mean_step_time": 0.0007827322365154678,
      "pressure_variance": 0.0009251360201736461,
      "temperature_mean": 1.019086379791475,
      "energy_drift_per_time": -88.14537468954836,
      "area_per_lipid_std": 0.002578746403646172,
      "thickness_proxy_std": 0.36081375225390405,
      "area_per_lipid_drift_per_time": -0.007209192683992174,
      "thickness_proxy_drift_per_time": -0.9932324411512701
    }
  ]
}