solver,n_runs,mean_step_time,pressure_variance,temperature_mean,energy_drift_per_time,area_per_lipid_std,thickness_proxy_std,area_per_lipid_drift_per_time,thickness_proxy_drift_per_time
pppm,3.0,0.0007827322365154678,0.0009251360201736461,1.019086379791475,-88.14537468954836,0.002578746403646172,0.36081375225390405,-0.007209192683992174,-0.9932324411512701
