solver,seed,samples,mean_step_time,std_step_time,pressure_variance,temperature_mean,temperature_std,energy_drift_per_time,area_per_lipid_mean,area_per_lipid_std,area_per_lipid_drift_per_time,thickness_proxy_mean,thickness_proxy_std,thickness_proxy_drift_per_time,step_time_stats_mean
pppm,42.0,31.0,0.0007193299998400635,0.00014176438635130276,0.0008413656864865616,1.019969593380484,0.0157063326920611,-95.46437825816632,3.995573266639963,0.002584967220576004,-0.007226674054582889,5.872625959494752,0.3855101116058356,-1.0679459893638477,0.0007193299998400635
pppm,43.0,31.0,0.0008285431290606803,0.0003436279573823817,0.0009932071224561085,1.0142710564838364,0.019605455214242593,-69.88719719377283,3.9955682413836855,0.002583287761309796,-0.007221836181414343,5.874673999481681,0.40107782370286316,-1.10663705877706,0.0008285431290606803
pppm,44.0,31.0,0.0008003235806456594,0.00018980518382412772,0.0009408352515782681,1.0230184895101047,0.00834679503028428,-99.08454861670597,3.995596632481156,0.0025679842290527153,-0.007179067815979288,6.076724162366735,0.29585332145301335,-0.8051142753129026,0.0008003235806456594
