{
  "rmse": 0.046143998335011885,
  "max_abs_error": 0.0526458463347419,
  "mean_relative_error": 0.0694524058799236,
  "max_relative_error": 0.15262243626495656,
  "accepted_samples": 63221.0,
  "requested_samples": 64000.0,
  "acceptance_ratio": 0.987828125,
  "jit_enabled": 1.0,
  "long_range_jit_enabled": 1.0,
  "neighbor_skin": 0.3,
  "neighbor_rebuild_interval": 10.0
}