{
  "area_per_lipid_mean": 3.9927559851945453,
  "area_per_lipid_std": 0.004170649459330088,
  "area_per_lipid_drift_per_time": -0.0070837355254248875,
  "thickness_proxy_mean": 5.960133687013854,
  "thickness_proxy_std": 0.3528958039731466,
  "thickness_proxy_drift_per_time": -0.5770384731521121
}