{
  "samples": 51.0,
  "mean_step_time": 0.0051994273335188995,
  "std_step_time": 0.0001379704516199306,
  "pressure_variance": 4.187114629586647e-05,
  "temperature_mean": 1.0617602325733226,
  "temperature_std": 0.02999826864534648,
  "energy_drift_per_time": 310.04767081162754,
  "area_per_lipid_mean": 3.9965904777984904,
  "area_per_lipid_std": 0.0020003570561054934,
  "area_per_lipid_drift_per_time": -0.006796375825227401,
  "thickness_proxy_mean": 6.99479653928322,
  "thickness_proxy_std": 0.5204492111489585,
  "thickness_proxy_drift_per_time": 1.7140579177025195,
  "step_time_stats_mean": 0.0051994273335188995
}