{
  "area_per_lipid_mean": 3.993257214137213,
  "area_per_lipid_std": 0.0039247386737366104,
  "area_per_lipid_drift_per_time": -0.006666197610626203,
  "thickness_proxy_mean": 8.414396125742284,
  "thickness_proxy_std": 1.6340938329596237,
  "thickness_proxy_drift_per_time": 2.7363971440921233
}