solver,seed,samples,mean_step_time,std_step_time,pressure_variance,temperature_mean,temperature_std,energy_drift_per_time,step_time_stats_mean
pppm,42.0,16.0,0.004070299437444191,0.001430077342025135,0.0003470051664818391,1.0045217417461103,0.003823295013392883,-25.85079829118635,0.004070299437444191
rbsog,42.0,16.0,0.03238303905709472,0.005065524710266712,2.4286703850383204e-06,1.0073157737508662,0.007248295026884714,171.25581715899273,0.03238303905709472
