solver,n_runs,mean_step_time,pressure_variance,temperature_mean,energy_drift_per_time
pppm,1.0,0.004070299437444191,0.0003470051664818391,1.0045217417461103,-25.85079829118635
rbsog,1.0,0.03238303905709472,2.4286703850383204e-06,1.0073157737508662,171.25581715899273
