{
  "rmse": 0.04609957880130526,
  "max_abs_error": 0.05259781336738367,
  "mean_relative_error": 0.06940427053378546,
  "max_relative_error": 0.15252705301639685,
  "accepted_samples": 61272.0,
  "requested_samples": 64000.0,
  "acceptance_ratio": 0.957375,
  "jit_enabled": 1.0,
  "long_range_jit_enabled": 1.0,
  "neighbor_skin": 0.3,
  "neighbor_rebuild_interval": 10.0
}