{
  "n_total_runs": 2.0,
  "by_solver": [
    {
      "solver": "rbsog",
      "n_runs": 2.0,
      "mean_step_time": 0.02257712081816201,
      "pressure_variance": 5.94386077925221e-06,
      "temperature_mean": 1.0057237560133152,
      "energy_drift_per_time": 139.92390627730424,
      "area_per_lipid_std": 0.0008657784399174586,
      "thickness_proxy_std": 0.05678324742198701,
      "area_per_lipid_drift_per_time": -0.006860111661163161,
      "thickness_proxy_drift_per_time": 0.3978560999882715
    }
  ]
}