solver,seed,samples,mean_step_time,std_step_time,pressure_variance,temperature_mean,temperature_std,energy_drift_per_time,area_per_lipid_mean,area_per_lipid_std,area_per_lipid_drift_per_time,thickness_proxy_mean,thickness_proxy_std,thickness_proxy_drift_per_time,step_time_stats_mean
rbsog,42.0,11.0,0.022648567090072902,0.0018655882260104112,4.263491818105798e-06,1.011393138093082,0.010706555345153716,154.46990629514107,3.9986263460581934,0.0008650986275511287,-0.006854726508672068,6.42259197103437,0.055195492354760164,0.384934199026577,0.022648567090072902
rbsog,43.0,11.0,0.022505674546251117,0.0015544162427307848,7.624229740398622e-06,1.0000543739335481,0.016118669744813387,125.37790625946738,3.9986234734606683,0.0008664582522837884,-0.006865496813654254,6.435245329455113,0.05837100248921386,0.41077800094996597,0.022505674546251117
