solver,n_runs,mean_step_time,pressure_variance,temperature_mean,energy_drift_per_time,area_per_lipid_std,thickness_proxy_std,area_per_lipid_drift_per_time,thickness_proxy_drift_per_time
rbsog,2.0,0.02257712081816201,5.94386077925221e-06,1.0057237560133152,139.92390627730424,0.0008657784399174586,0.05678324742198701,-0.006860111661163161,0.3978560999882715
