solver,seed,samples,mean_step_time,std_step_time,pressure_variance,temperature_mean,temperature_std,energy_drift_per_time,area_per_lipid_mean,area_per_lipid_std,area_per_lipid_drift_per_time,thickness_proxy_mean,thickness_proxy_std,thickness_proxy_drift_per_time,step_time_stats_mean
rbsog,42.0,11.0,0.021122182818296344,0.0016582392380355081,9.065227048555613e-06,1.0159729229264005,0.015327752331113657,231.13893546774557,3.9986269010697684,0.000864508433559845,-0.006850047410044812,6.421857522152186,0.0545061910386928,0.37971889916104606,0.021122182818296344
rbsog,43.0,11.0,0.021745280363988553,0.001848382322980892,1.0446906963824972e-05,1.004036621678144,0.019528101372772576,185.73008279782815,3.9986240807292925,0.0008658402845607238,-0.006860597054999806,6.4352535197011775,0.05842980021390237,0.4111463336994096,0.021745280363988553
