{
  "area_per_lipid_mean": 3.9932750677402455,
  "area_per_lipid_std": 0.003907614705482174,
  "area_per_lipid_drift_per_time": -0.006637098801026843,
  "thickness_proxy_mean": 8.486476417428658,
  "thickness_proxy_std": 1.6281912971628065,
  "thickness_proxy_drift_per_time": 2.7369850566110276
}