{
  "rmse": 0.045993457486745694,
  "max_abs_error": 0.05248306999310248,
  "mean_relative_error": 0.06928920212531829,
  "max_relative_error": 0.15229899040683054,
  "accepted_samples": 15944.0,
  "requested_samples": 16000.0,
  "acceptance_ratio": 0.9965,
  "jit_enabled": 1.0,
  "long_range_jit_enabled": 1.0,
  "neighbor_skin": 0.3,
  "neighbor_rebuild_interval": 10.0
}