{
  "area_per_lipid_mean": 3.9798022323258273,
  "area_per_lipid_std": 0.008090045839345873,
  "area_per_lipid_drift_per_time": -0.0025501314900694895,
  "thickness_proxy_mean": 9.829370257124598,
  "thickness_proxy_std": 1.1384315932303277,
  "thickness_proxy_drift_per_time": 0.1423690234729311
}