{
  "rmse": 0.04601207460656586,
  "max_abs_error": 0.052503198610880375,
  "mean_relative_error": 0.06930939597842337,
  "max_relative_error": 0.152339018923658,
  "accepted_samples": 63667.0,
  "requested_samples": 64000.0,
  "acceptance_ratio": 0.994796875,
  "jit_enabled": 1.0,
  "long_range_jit_enabled": 1.0,
  "neighbor_skin": 0.3,
  "neighbor_rebuild_interval": 10.0
}