{
  "rmse": 0.045993450668324706,
  "max_abs_error": 0.05248306262118607,
  "mean_relative_error": 0.06928919472888515,
  "max_relative_error": 0.1522989757451583,
  "accepted_samples": 31875.0,
  "requested_samples": 32000.0,
  "acceptance_ratio": 0.99609375,
  "jit_enabled": 1.0,
  "long_range_jit_enabled": 1.0,
  "neighbor_skin": 0.3,
  "neighbor_rebuild_interval": 10.0
}