{
  "samples": 11.0,
  "mean_step_time": 0.01295531800000886,
  "std_step_time": 0.001848721761365309,
  "pressure_variance": 6.01810431234115e-06,
  "temperature_mean": 1.0039945559093562,
  "temperature_std": 0.019213737070181765,
  "energy_drift_per_time": 104.52765299160845,
  "area_per_lipid_mean": 3.998624460130236,
  "area_per_lipid_std": 0.0008655260580823026,
  "area_per_lipid_drift_per_time": -0.006858107193705179,
  "thickness_proxy_mean": 6.435228334339988,
  "thickness_proxy_std": 0.0583291729137555,
  "thickness_proxy_drift_per_time": 0.4105463101790373,
  "step_time_stats_mean": 0.01295531800000886
}