{
  "samples": 31.0,
  "mean_step_time": 0.01628905674202073,
  "std_step_time": 0.0025655810521001145,
  "pressure_variance": 0.00033599716268813563,
  "temperature_mean": 1.0176018444063386,
  "temperature_std": 0.020455751344550112,
  "energy_drift_per_time": -88.5917152305125,
  "area_per_lipid_mean": 3.995650125113274,
  "area_per_lipid_std": 0.002559881837088136,
  "area_per_lipid_drift_per_time": -0.007157002680559251,
  "thickness_proxy_mean": 5.889752593664309,
  "thickness_proxy_std": 0.38579672953169825,
  "thickness_proxy_drift_per_time": -1.0653453243732496,
  "step_time_stats_mean": 0.01628905674202073
}