{
  "area_per_lipid_mean": 3.9978011761296197,
  "area_per_lipid_std": 0.0012952696539664436,
  "area_per_lipid_drift_per_time": -0.007245010504553427,
  "thickness_proxy_mean": 6.214149053738851,
  "thickness_proxy_std": 0.12548736421905582,
  "thickness_proxy_drift_per_time": -0.6963756334616379
}