{
  "rmse": 0.045854873128278836,
  "max_abs_error": 0.05233324879543044,
  "mean_relative_error": 0.06913878521320586,
  "max_relative_error": 0.15200076740211121,
  "accepted_samples": 61391.0,
  "requested_samples": 64000.0,
  "acceptance_ratio": 0.959234375,
  "jit_enabled": 1.0,
  "long_range_jit_enabled": 1.0,
  "neighbor_skin": 0.3,
  "neighbor_rebuild_interval": 10.0
}