{
  "samples": 101.0,
  "mean_step_time": 0.03824209636629105,
  "std_step_time": 0.020966049046982134,
  "pressure_variance": 3.455827139689179,
  "temperature_mean": 8.179597603232219,
  "temperature_std": 14.675980281347956,
  "energy_drift_per_time": 1941.0629098711893,
  "area_per_lipid_mean": 3.987825572426632,
  "area_per_lipid_std": 0.011171981020165742,
  "area_per_lipid_drift_per_time": 0.001117773222510835,
  "thickness_proxy_mean": 9.713866960075753,
  "thickness_proxy_std": 1.1567841503468355,
  "thickness_proxy_drift_per_time": 0.14193529671086036,
  "step_time_stats_mean": 0.03824209636629105
}