solver,seed,samples,mean_step_time,std_step_time,pressure_variance,temperature_mean,temperature_std,energy_drift_per_time,area_per_lipid_mean,area_per_lipid_std,area_per_lipid_drift_per_time,thickness_proxy_mean,thickness_proxy_std,thickness_proxy_drift_per_time,step_time_stats_mean
rbsog,42.0,51.0,0.01421451237247846,0.007966429223599381,0.00031990277465141897,1.1199383780595629,0.07700549912455541,452.05034963973833,3.9932650301394887,0.003918159870013711,-0.006655081277173518,8.171659535938275,1.5758381840483375,2.6188460035345136,0.01421451237247846
rbsog,43.0,51.0,0.015536386999990688,0.010503975396389196,0.0017588134226061926,1.167741336178947,0.26628860747928856,1039.8296949786916,3.9932591009678298,0.003915164284463203,-0.006649800813627963,8.262266162097704,1.6322390701083291,2.7165926384803187,0.015536386999990688
rbsog,44.0,51.0,0.013322273980235217,0.007659825251018439,0.00035918715737549904,1.133303949280097,0.09624544405294638,361.66752583548714,3.993257214137213,0.0039247386737366104,-0.006666197610626203,8.414396125742284,1.6340938329596237,2.7363971440921233,0.013322273980235217
