solver,seed,samples,mean_step_time,std_step_time,pressure_variance,temperature_mean,temperature_std,energy_drift_per_time,area_per_lipid_mean,area_per_lipid_std,area_per_lipid_drift_per_time,thickness_proxy_mean,thickness_proxy_std,thickness_proxy_drift_per_time,step_time_stats_mean
rbsog,42.0,11.0,0.04160087709136529,0.0024864899853279487,6.995301467090589e-06,1.0129931075884306,0.012114571482097191,232.99111360289308,3.9986267488217093,0.0008647900960293493,-0.006852281077293136,6.422380337207982,0.055035974724353065,0.3836195274703675,0.04160087709136529
rbsog,43.0,11.0,0.041962672273009295,0.0033461149609524767,8.696315104736465e-06,1.0009671380886294,0.016733559576084887,278.2306459562661,3.998623683668489,0.000866346356795968,-0.006864610313848223,6.434890144949832,0.057961473020100476,0.40778091507101916,0.041962672273009295
