solver,seed,samples,mean_step_time,std_step_time,pressure_variance,temperature_mean,temperature_std,energy_drift_per_time,area_per_lipid_mean,area_per_lipid_std,area_per_lipid_drift_per_time,thickness_proxy_mean,thickness_proxy_std,thickness_proxy_drift_per_time,step_time_stats_mean
rbsog,42.0,21.0,0.03105458728220713,0.0061394397440977825,5.329310966413248e-06,1.0126806908624486,0.011530502345014635,232.99111360288967,3.998627247631307,0.0008288129441421819,-0.0068525555966300385,6.41993198992037,0.05230491479970713,0.3828526267380761,0.03105458728220713
rbsog,43.0,21.0,0.03401849800277324,0.004760901111845241,8.593852516189103e-06,1.00092381756083,0.01602640327780504,278.23064595629353,3.9986241627375345,0.0008302681232279679,-0.00686458500779706,6.432381866690812,0.05508897813492684,0.4069351247356862,0.03401849800277324
