{
  "n_total_runs": 2.0,
  "by_solver": [
    {
      "solver": "rbsog",
      "n_runs": 2.0,
      "mean_step_time": 0.03253654264249019,
      "pressure_variance": 6.961581741301175e-06,
      "temperature_mean": 1.0068022542116393,
      "energy_drift_per_time": 255.61087977959158,
      "area_per_lipid_std": 0.0008295405336850749,
      "thickness_proxy_std": 0.053696946467316986,
      "area_per_lipid_drift_per_time": -0.006858570302213549,
      "thickness_proxy_drift_per_time": 0.3948938757368812
    }
  ]
}