{
  "samples": 51.0,
  "mean_step_time": 0.004136838274551373,
  "std_step_time": 0.0007857642268228013,
  "pressure_variance": 0.0003470248683312899,
  "temperature_mean": 1.0318949366299066,
  "temperature_std": 0.012229869368129994,
  "energy_drift_per_time": -154.0504709739168,
  "area_per_lipid_mean": 3.9928568402828977,
  "area_per_lipid_std": 0.004146520255072406,
  "area_per_lipid_drift_per_time": -0.0070430178939283605,
  "thickness_proxy_mean": 6.0212860310355145,
  "thickness_proxy_std": 0.27592219622872693,
  "thickness_proxy_drift_per_time": -0.4242592963692088,
  "step_time_stats_mean": 0.004136838274551373
}