solver,seed,samples,mean_step_time,std_step_time,pressure_variance,temperature_mean,temperature_std,energy_drift_per_time,area_per_lipid_mean,area_per_lipid_std,area_per_lipid_drift_per_time,thickness_proxy_mean,thickness_proxy_std,thickness_proxy_drift_per_time,step_time_stats_mean
pppm,42.0,51.0,0.0006824237647307717,0.00021708098626112624,0.0008452873408072169,1.0309397955888684,0.018644190748531426,-151.02976125505623,3.992748223551637,0.004175944708213637,-0.00709270828613767,5.516944485450836,0.5372811738927447,-0.8801227907308263,0.0006824237647307717
pppm,43.0,51.0,0.0008436576861676454,0.00031275286911628324,0.0009084682656360671,1.0268964459532894,0.022321528275440265,-135.5851693038713,3.992744474353312,0.004174483921702889,-0.007090222679952598,5.480415331677005,0.5845511022923642,-0.9572866154407647,0.0008436576861676454
pppm,44.0,51.0,0.0007709223139624787,0.000251440682623857,0.0008442825209837268,1.0303752999595548,0.011320254444138263,-141.43401368276042,3.9927850233712725,0.00415511456960817,-0.00705738001953323,5.726047448368722,0.4972904147105737,-0.8167880468938126,0.0007709223139624787
