solver,n_runs,mean_step_time,pressure_variance,temperature_mean,energy_drift_per_time,area_per_lipid_std,thickness_proxy_std,area_per_lipid_drift_per_time,thickness_proxy_drift_per_time
pppm,3.0,0.0007656679216202986,0.000866012709142337,1.0294038471672375,-142.682981413896,0.004168514399841565,0.5397075636318942,-0.0070801036618745,-0.8847324843551346
