{
  "samples": 11.0,
  "mean_step_time": 0.07924240127216432,
  "std_step_time": 0.002545043670592922,
  "pressure_variance": 7.74083693690068e-06,
  "temperature_mean": 1.001050502942629,
  "temperature_std": 0.016803319469537503,
  "energy_drift_per_time": 214.3963207904185,
  "area_per_lipid_mean": 3.9986237458027487,
  "area_per_lipid_std": 0.0008662766900261635,
  "area_per_lipid_drift_per_time": -0.006864058308025366,
  "thickness_proxy_mean": 6.434893700010476,
  "thickness_proxy_std": 0.05791357633956911,
  "thickness_proxy_drift_per_time": 0.40754912270753496,
  "step_time_stats_mean": 0.07924240127216432
}