solver,seed,samples,mean_step_time,std_step_time,pressure_variance,temperature_mean,temperature_std,energy_drift_per_time,area_per_lipid_mean,area_per_lipid_std,area_per_lipid_drift_per_time,thickness_proxy_mean,thickness_proxy_std,thickness_proxy_drift_per_time,step_time_stats_mean
rbsog,42.0,11.0,0.021643189181552523,0.0012800393185754737,5.23308276352933e-06,1.0127840612813817,0.01189507432439982,184.46866872134183,3.998626526018202,0.0008649161683011795,-0.006853280083315512,6.4223474047866,0.05500977813800313,0.38338372662723064,0.021643189181552523
rbsog,43.0,11.0,0.022111548636696007,0.001572360210504143,8.173930846850923e-06,1.000907813170988,0.016851317687252263,152.02424180430873,3.9986236035264295,0.0008663223903840776,-0.006864419737624134,6.4348357158317215,0.057984660846816416,0.4077824744598891,0.022111548636696007
