solver,seed,samples,mean_step_time,std_step_time,pressure_variance,temperature_mean,temperature_std,energy_drift_per_time,area_per_lipid_mean,area_per_lipid_std,area_per_lipid_drift_per_time,thickness_proxy_mean,thickness_proxy_std,thickness_proxy_drift_per_time,step_time_stats_mean
rbsog,42.0,11.0,0.08013811245506407,0.0032252183242967468,3.261121202261345e-06,1.0117505997321568,0.010955727979786192,127.72607933679201,3.998626577249197,0.0008649661043913773,-0.006853676258993464,6.422680644064679,0.055278657434021834,0.38555673661913487,0.08013811245506407
rbsog,43.0,11.0,0.08099271918234247,0.0030780870483075235,7.1677369969404776e-06,1.0000697906389955,0.016079812597581497,210.37576915303967,3.9986235690681373,0.0008664299776710161,-0.006865273401246379,6.435418779951996,0.058447112697450204,0.41157964844369527,0.08099271918234247
