{
  "n_total_runs": 2.0,
  "by_solver": [
    {
      "solver": "rbsog",
      "n_runs": 2.0,
      "mean_step_time": 0.08056541581870327,
      "pressure_variance": 5.214429099600912e-06,
      "temperature_mean": 1.0059101951855762,
      "energy_drift_per_time": 169.05092424491585,
      "area_per_lipid_std": 0.0008656980410311967,
      "thickness_proxy_std": 0.056862885065736016,
      "area_per_lipid_drift_per_time": -0.0068594748301199215,
      "thickness_proxy_drift_per_time": 0.39856819253141507
    }
  ]
}