{
  "rmse": 0.04601210094162897,
  "max_abs_error": 0.05250322708437949,
  "mean_relative_error": 0.06930942454172395,
  "max_relative_error": 0.15233907554074502,
  "accepted_samples": 63678.0,
  "requested_samples": 64000.0,
  "acceptance_ratio": 0.99496875,
  "jit_enabled": 1.0,
  "long_range_jit_enabled": 1.0,
  "neighbor_skin": 0.3,
  "neighbor_rebuild_interval": 10.0
}