{
  "area_per_lipid_mean": 3.9979446172996207,
  "area_per_lipid_std": 0.0012216017210588009,
  "area_per_lipid_drift_per_time": -0.006833062110113611,
  "thickness_proxy_mean": 6.507299337697182,
  "thickness_proxy_std": 0.14223979065852846,
  "thickness_proxy_drift_per_time": 0.7419976214067413
}