solver,n_runs,mean_step_time,pressure_variance,temperature_mean,energy_drift_per_time,area_per_lipid_std,thickness_proxy_std,area_per_lipid_drift_per_time,thickness_proxy_drift_per_time
pppm,1.0,0.0018849014516242526,0.0002821048714211676,1.002359197226236,-52.64291025790531,0.00046674381367217525,0.030021903616339923,-0.0074130757215682,-0.4758279082986912
rbsog,1.0,0.027395477269733834,1.2152644018626027e-06,1.002973138274086,217.3917029411123,0.00043235862808177277,0.006498897862224516,-0.006867190271261622,0.010228243978423666
