{
  "rmse": 0.0460517646071122,
  "max_abs_error": 0.05254611253773778,
  "mean_relative_error": 0.06935243730730502,
  "max_relative_error": 0.1524243291506174,
  "accepted_samples": 31807.0,
  "requested_samples": 32000.0,
  "acceptance_ratio": 0.99396875,
  "jit_enabled": 1.0,
  "long_range_jit_enabled": 1.0,
  "neighbor_skin": 0.3,
  "neighbor_rebuild_interval": 10.0
}