{
  "area_per_lipid_mean": 3.9965842977589388,
  "area_per_lipid_std": 0.001999837270093014,
  "area_per_lipid_drift_per_time": -0.0067945776685309905,
  "thickness_proxy_mean": 6.852495903478003,
  "thickness_proxy_std": 0.46456488301005217,
  "thickness_proxy_drift_per_time": 1.5058447766728909
}