solver,n_runs,mean_step_time,pressure_variance,temperature_mean,energy_drift_per_time,area_per_lipid_std,thickness_proxy_std,area_per_lipid_drift_per_time,thickness_proxy_drift_per_time
rbsog,3.0,0.014056813634085175,0.0008126344515443702,1.1403278878395355,617.8491901513057,0.0039193542760711745,1.6140570290387635,-0.006657026567142561,2.6906119287023187
