{
  "samples": 41.0,
  "mean_step_time": 0.010608736730163644,
  "std_step_time": 0.0003295026828046093,
  "pressure_variance": 0.00022744437177170997,
  "temperature_mean": 1.088754619716954,
  "temperature_std": 0.10911439952067677,
  "energy_drift_per_time": 336.5493502368702,
  "area_per_lipid_mean": 3.9972727848774894,
  "area_per_lipid_std": 0.0015984740766045408,
  "area_per_lipid_drift_per_time": -0.006756865818059871,
  "thickness_proxy_mean": 6.662080455237163,
  "thickness_proxy_std": 0.28297935369162197,
  "thickness_proxy_drift_per_time": 1.1340751510468978,
  "step_time_stats_mean": 0.010608736730163644
}