{
  "area_per_lipid_mean": 3.9986271146234547,
  "area_per_lipid_std": 0.000864396116702535,
  "area_per_lipid_drift_per_time": -0.0068491571577630125,
  "thickness_proxy_mean": 6.42191176732899,
  "thickness_proxy_std": 0.054557663613288995,
  "thickness_proxy_drift_per_time": 0.3800194591492816
}