{
  "area_per_lipid_mean": 3.992748223551637,
  "area_per_lipid_std": 0.004175944708213637,
  "area_per_lipid_drift_per_time": -0.00709270828613767,
  "thickness_proxy_mean": 5.516944485450836,
  "thickness_proxy_std": 0.5372811738927447,
  "thickness_proxy_drift_per_time": -0.8801227907308263
}