{
  "area_per_lipid_mean": 3.993295103450729,
  "area_per_lipid_std": 0.0038551691187875656,
  "area_per_lipid_drift_per_time": -0.006611536092885912,
  "thickness_proxy_mean": 8.229482212571062,
  "thickness_proxy_std": 1.5853755570395447,
  "thickness_proxy_drift_per_time": 2.6688324540223967
}