{
  "samples": 101.0,
  "mean_step_time": 0.070092203891066,
  "std_step_time": 0.015689995443274252,
  "pressure_variance": 0.000710282254262523,
  "temperature_mean": 1.1807451728041123,
  "temperature_std": 0.14275693169553894,
  "energy_drift_per_time": 663.186094769489,
  "area_per_lipid_mean": 3.993295103450729,
  "area_per_lipid_std": 0.0038551691187875656,
  "area_per_lipid_drift_per_time": -0.006611536092885912,
  "thickness_proxy_mean": 8.229482212571062,
  "thickness_proxy_std": 1.5853755570395447,
  "thickness_proxy_drift_per_time": 2.6688324540223967,
  "step_time_stats_mean": 0.070092203891066
}