solver,seed,samples,mean_step_time,std_step_time,pressure_variance,temperature_mean,temperature_std,energy_drift_per_time,area_per_lipid_mean,area_per_lipid_std,area_per_lipid_drift_per_time,thickness_proxy_mean,thickness_proxy_std,thickness_proxy_drift_per_time,step_time_stats_mean
rbsog,42.0,41.0,0.0108859685601712,0.0011101703195711776,4.142931292642404e-05,1.040307199789624,0.03185895525726542,292.68194770114553,3.9972656008937713,0.0016106359204187365,-0.006808500466109931,6.640423771711818,0.271880828832133,1.0885010803404267,0.0108859685601712
rbsog,43.0,41.0,0.010608736730163644,0.0003295026828046093,0.00022744437177170997,1.088754619716954,0.10911439952067677,336.5493502368702,3.9972727848774894,0.0015984740766045408,-0.006756865818059871,6.662080455237163,0.28297935369162197,1.1340751510468978,0.010608736730163644
