{
  "rmse": 0.04599348481147069,
  "max_abs_error": 0.05248309953593644,
  "mean_relative_error": 0.06928923176644892,
  "max_relative_error": 0.15229904916335052,
  "accepted_samples": 15897.0,
  "requested_samples": 16000.0,
  "acceptance_ratio": 0.9935625,
  "jit_enabled": 1.0,
  "long_range_jit_enabled": 1.0,
  "neighbor_skin": 0.3,
  "neighbor_rebuild_interval": 10.0
}