{
  "samples": 11.0,
  "mean_step_time": 0.006398298727038888,
  "std_step_time": 0.0009473420961017263,
  "pressure_variance": 1.8847127164552134e-05,
  "temperature_mean": 1.0000732114220527,
  "temperature_std": 0.015899560093707167,
  "energy_drift_per_time": 248.34249780672133,
  "area_per_lipid_mean": 3.9986237555189024,
  "area_per_lipid_std": 0.0008663036499698003,
  "area_per_lipid_drift_per_time": -0.006864272884651593,
  "thickness_proxy_mean": 6.435203408380105,
  "thickness_proxy_std": 0.05825888973320623,
  "thickness_proxy_drift_per_time": 0.4100774648516961,
  "step_time_stats_mean": 0.006398298727038888
}