{
  "rmse": 0.045959678085910366,
  "max_abs_error": 0.05244654927708492,
  "mean_relative_error": 0.06925255410839777,
  "max_relative_error": 0.15222634098752894
}