solver,n_runs,mean_step_time,pressure_variance,temperature_mean,energy_drift_per_time,area_per_lipid_std,thickness_proxy_std,area_per_lipid_drift_per_time,thickness_proxy_drift_per_time
pppm,2.0,0.004987929419580576,0.0002796908554191762,1.0053581315063043,-24.660828095921147,0.0012978693077384269,0.12772225445477736,-0.007259459933580202,-0.7085901959085941
rbsog,2.0,0.018626875051620206,0.00012265187701956509,1.0440513522812855,454.1664378287187,0.0012200659898184024,0.145659748211144,-0.006824400180760782,0.760718039929124
