solver,seed,samples,mean_step_time,std_step_time,pressure_variance,temperature_mean,temperature_std,energy_drift_per_time,area_per_lipid_mean,area_per_lipid_std,area_per_lipid_drift_per_time,thickness_proxy_mean,thickness_proxy_std,thickness_proxy_drift_per_time,step_time_stats_mean
pppm,42.0,31.0,0.005936744577822185,0.004600504019769445,0.0002698187136562248,1.0085747674403536,0.005336946615963272,-47.86348691660719,3.9978011761296197,0.0012952696539664436,-0.007245010504553427,6.214149053738851,0.12548736421905582,-0.6963756334616379,0.005936744577822185
pppm,43.0,31.0,0.004039114261338968,0.0020279372320639076,0.00028956299718212766,1.0021414955722552,0.01365669530587353,-1.4581692752351099,3.997792617042512,0.0013004689615104103,-0.007273909362606976,6.2180175547767105,0.1299571446904989,-0.7208047583555501,0.004039114261338968
rbsog,42.0,31.0,0.019096919454656722,0.004337629738372805,2.5831197244121627e-05,1.0270932787801434,0.02457790786324694,344.87421685410703,3.9979446172996207,0.0012216017210588009,-0.006833062110113611,6.507299337697182,0.14223979065852846,0.7419976214067413,0.019096919454656722
rbsog,43.0,31.0,0.01815683064858369,0.004267988421599179,0.00021947255679500855,1.0610094257824279,0.11101261411507678,563.4586588033303,3.997944023052458,0.0012185302585780036,-0.006815738251407953,6.523980473859218,0.14907970576375953,0.7794384584515068,0.01815683064858369
