step,time,step_time,temperature,pressure,kinetic,potential,total_energy,box_x,box_y,box_z,area_per_lipid,thickness_proxy,barostat_scale
1.0,0.002,0.002867292001610622,0.9677819253631985,-0.00899066025850882,370.17509243405743,630.5778891745902,1000.7529816086476,15.999967712298872,15.999967712298872,19.99995964037359,3.9999838561657253,6.399767060056986,0.9999979820186795
10.0,0.02,0.0020756660087499768,0.9702163602597644,-0.005398548591200696,371.10626535605616,631.1332310813088,1002.239496437365,15.999677631966936,15.999677631966936,19.999597039958672,3.9998388176072357,6.400598928771657,0.9999979892029028
20.0,0.04,0.0025139579956885427,0.9733828153697772,-0.007446132840006006,372.317426515399,632.7128265800291,1005.0302530954281,15.999355404183538,15.999355404183538,19.99919425522943,3.999677708584015,6.40110229583183,0.9999979851077343
30.0,0.06,0.0018019170092884451,0.9765860635940037,-0.011078813105343676,373.54265859585234,634.2783227625096,1007.8209813583619,15.999032091769086,15.999032091769086,19.99879011471136,3.999516060522767,6.4011646358164604,0.9999979778423738
