{
  "rmse": 0.04614548672404508,
  "max_abs_error": 0.052647455846631885,
  "mean_relative_error": 0.06945401847869045,
  "max_relative_error": 0.15262563153022388,
  "accepted_samples": 254048.0,
  "requested_samples": 256000.0,
  "acceptance_ratio": 0.992375,
  "jit_enabled": 1.0,
  "long_range_jit_enabled": 1.0,
  "neighbor_skin": 0.3,
  "neighbor_rebuild_interval": 10.0
}