{
  "area_per_lipid_mean": 3.993255889115149,
  "area_per_lipid_std": 0.003927637536334617,
  "area_per_lipid_drift_per_time": -0.006671183562177188,
  "thickness_proxy_mean": 8.412443126539085,
  "thickness_proxy_std": 1.6359586158076294,
  "thickness_proxy_drift_per_time": 2.73891563031892
}