{
  "rmse": 0.04599349004956344,
  "max_abs_error": 0.05248310519924981,
  "mean_relative_error": 0.06928923744863189,
  "max_relative_error": 0.1522990604269641,
  "accepted_samples": 254088.0,
  "requested_samples": 256000.0,
  "acceptance_ratio": 0.99253125,
  "jit_enabled": 1.0,
  "long_range_jit_enabled": 1.0,
  "neighbor_skin": 0.3,
  "neighbor_rebuild_interval": 10.0
}