{
  "rmse": 0.04605059813853411,
  "max_abs_error": 0.05254485128953945,
  "mean_relative_error": 0.0693511725413832,
  "max_relative_error": 0.15242182244957245,
  "accepted_samples": 31810.0,
  "requested_samples": 32000.0,
  "acceptance_ratio": 0.9940625,
  "jit_enabled": 1.0,
  "long_range_jit_enabled": 1.0,
  "neighbor_skin": 0.3,
  "neighbor_rebuild_interval": 10.0
}