solver,seed,samples,mean_step_time,std_step_time,pressure_variance,temperature_mean,temperature_std,energy_drift_per_time,area_per_lipid_mean,area_per_lipid_std,area_per_lipid_drift_per_time,thickness_proxy_mean,thickness_proxy_std,thickness_proxy_drift_per_time,step_time_stats_mean
rbsog,42.0,13.0,0.009743548074486451,0.00020656799493891059,2.1078479408547615e-06,1.0046448815472546,0.004841406526754549,-22.092775681343703,3.9991752607426454,0.000511813286303692,-0.006861876563145024,6.384207733332653,0.01096885523549082,0.08209725286628639,0.009743548074486451
