{
  "n_total_runs": 1.0,
  "by_solver": [
    {
      "solver": "rbsog",
      "n_runs": 1.0,
      "mean_step_time": 0.009743548074486451,
      "pressure_variance": 2.1078479408547615e-06,
      "temperature_mean": 1.0046448815472546,
      "energy_drift_per_time": -22.092775681343703,
      "area_per_lipid_std": 0.000511813286303692,
      "thickness_proxy_std": 0.01096885523549082,
      "area_per_lipid_drift_per_time": -0.006861876563145024,
      "thickness_proxy_drift_per_time": 0.08209725286628639
    }
  ]
}