solver,n_runs,mean_step_time,pressure_variance,temperature_mean,energy_drift_per_time,area_per_lipid_std,thickness_proxy_std,area_per_lipid_drift_per_time,thickness_proxy_drift_per_time
pppm,3.0,0.03633475505369959,0.00023060607985873156,1.0226772983732337,-106.6671516176425,0.0025602567712772217,0.33714367001031365,-0.007158101505530073,-0.9278630472097458
