solver,seed,samples,mean_step_time,std_step_time,pressure_variance,temperature_mean,temperature_std,energy_drift_per_time,area_per_lipid_mean,area_per_lipid_std,area_per_lipid_drift_per_time,thickness_proxy_mean,thickness_proxy_std,thickness_proxy_drift_per_time,step_time_stats_mean
pppm,42.0,31.0,0.036547946419417596,0.003910182191631465,0.00023940282014975654,1.024481354048339,0.017528902223642017,-107.76784209118749,3.995649534245754,0.0025664356571949197,-0.007175406692654534,5.906331760495851,0.35775759960687475,-0.9915761378406617,0.036547946419417596
pppm,43.0,31.0,0.03665242638711671,0.0035279233087239974,0.00019627337795518395,1.017494200037927,0.021765824916510596,-87.25549322117561,3.9956630116416103,0.0025604147510692953,-0.007158532306396954,5.902613531317589,0.3770783480133448,-1.0410428301545391,0.03665242638711671
pppm,44.0,31.0,0.03580389235456448,0.0020695848822163258,0.0002561420414712541,1.0260563410334353,0.007523873422739322,-124.97811954056439,3.995668481890719,0.002553919905567451,-0.00714036551753873,6.10195585541485,0.2765950624107214,-0.7509701736340365,0.03580389235456448
