{
  "n_total_runs": 3.0,
  "by_solver": [
    {
      "solver": "pppm",
      "n_runs": 3.0,
      "mean_step_time": 0.03633475505369959,
      "pressure_variance": 0.00023060607985873156,
      "temperature_mean": 1.0226772983732337,
      "energy_drift_per_time": -106.6671516176425,
      "area_per_lipid_std": 0.0025602567712772217,
      "thickness_proxy_std": 0.33714367001031365,
      "area_per_lipid_drift_per_time": -0.007158101505530073,
      "thickness_proxy_drift_per_time": -0.9278630472097458
    }
  ]
}