{
  "rmse": 0.032342617594685506,
  "max_abs_error": 0.037939136122424166,
  "mean_relative_error": 0.053538448888700074,
  "max_relative_error": 0.12041651029620123,
  "accepted_samples": 95634.0,
  "requested_samples": 96000.0,
  "acceptance_ratio": 0.9961875,
  "jit_enabled": 1.0,
  "long_range_jit_enabled": 1.0,
  "neighbor_skin": 0.3,
  "neighbor_rebuild_interval": 10.0
}