{
  "rmse": 0.046144868602975904,
  "max_abs_error": 0.05264678742345019,
  "mean_relative_error": 0.06945334877627321,
  "max_relative_error": 0.1526243045576872,
  "accepted_samples": 63408.0,
  "requested_samples": 64000.0,
  "acceptance_ratio": 0.99075,
  "jit_enabled": 1.0,
  "long_range_jit_enabled": 1.0,
  "neighbor_skin": 0.3,
  "neighbor_rebuild_interval": 10.0
}